recipe_code,category,category_vn,area,area_vn,name_en,name_vi
sweet-potato-salad,Vegetarian,Chay,Turkish,Thổ Nhĩ Kỳ,Sweet potato salad,Nộm khoai lang
escovitch-fish,Seafood,Hải sản,Jamaican,Jamaica,Escovitch Fish,Cá Ngâm Giấm
arepa-pelua,Beef,Thịt bò,Venezulan,Venezuela,Arepa pelua,Bánh arepa bò xé phô mai
bubble--squeak,Pork,Thịt heo,British,Anh,Bubble & Squeak,Bánh khoai tây bắp cải chiên
vietnamese-veg-parcels,Vegetarian,Chay,Vietnamese,Việt Nam,Vietnamese veg parcels,Gỏi cuốn chay
chocolate-raspberry-brownies,Dessert,Món tráng miệng,American,Mỹ,Chocolate Raspberry Brownies,Bánh brownie sô-cô-la mâm xôi
vietnamese-pork-salad,Pork,Thịt heo,Vietnamese,Việt Nam,Vietnamese pork salad,Gỏi thịt heo
15-minute-chicken--halloumi-burgers,Chicken,Thịt gà,American,Mỹ,15-minute chicken & halloumi burgers,Bánh burger gà & phô mai Halloumi 15 phút
cream-cheese-tart,Starter,Món khai vị,American,Mỹ,Cream Cheese Tart,Bánh tart phô mai kem
home-made-mandazi,Breakfast,Bữa sáng,Kenyan,Kenya,Home-made Mandazi,Bánh Mandazi nhà làm
apple-cake,Dessert,Món tráng miệng,Dutch,Hà Lan,Apple cake,Bánh táo
kvæfjord-cake-verdens-beste-worlds-best-cake,Dessert,Món tráng miệng,Norwegian,Na Uy,Kvæfjord Cake “Verdens Beste” (World’s Best Cake),Bánh Na Uy
imam-bayildi-with-bbq-lamb--tzatziki,Lamb,Thịt cừu,Turkish,Thổ Nhĩ Kỳ,Imam bayildi with BBQ lamb & tzatziki,Cà tím nhồi nướng thịt cừu BBQ và sốt Tzatziki
jamon--wild-garlic-croquetas,Pork,Thịt heo,Spanish,Tây Ban Nha,Jamon & wild garlic croquetas,Bánh chiên Jamón tỏi rừng
shrimp-chow-fun,Seafood,Hải sản,Chinese,Tiếng Trung,Shrimp Chow Fun,Hủ Tiếu Xào Tôm
lamb-and-potato-pie,Lamb,Thịt cừu,British,Anh,Lamb and Potato pie,Bánh cừu khoai tây
algerian-flafla-bell-pepper-salad,Vegetarian,Chay,Algerian,Algeria,Algerian Flafla (Bell Pepper Salad),Gỏi ớt chuông
teriyaki-chicken-casserole,Chicken,Thịt gà,Japanese,Nhật Bản,Teriyaki Chicken Casserole,Cơm Gà Teriyaki Nướng
fish-soup-ukha,Seafood,Hải sản,Russian,Nga,Fish Soup (Ukha),Súp cá
walnut-roll-gužvara,Dessert,Món tráng miệng,Croatian,Croatia,Walnut Roll Gužvara,Bánh Cuộn Hồ Đào
cheese-borek,Side,Món ăn kèm,Algerian,Algeria,Cheese Borek,Bánh phô mai
yaki-udon,Vegetarian,Chay,Japanese,Nhật Bản,Yaki Udon,Mì Udon Xào
provençal-omelette-cake,Vegetarian,Chay,French,Pháp,Provençal Omelette Cake,Bánh Omelette Provençal
thai-style-fish-broth-with-greens,Seafood,Hải sản,Thai,Thái,Thai-style fish broth with greens,Canh cá kiểu Thái
turkish-lahmacun,Beef,Thịt bò,Vietnamese,Việt Nam,Turkish lahmacun,Bánh pizza Thổ Nhĩ Kỳ
thai-green-curry,Chicken,Thịt gà,Thai,Thái,Thai Green Curry,Cà Ri Xanh Thái
asado,Beef,Thịt bò,Argentinian,Argentina,Asado,Thịt Nướng
cucumber--fennel-salad,Vegetarian,Chay,Polish,Ba Lan,Cucumber & fennel salad,Gỏi dưa chuột và thì là
beef-pho,Beef,Thịt bò,Vietnamese,Việt Nam,Beef pho,Phở Bò
beef-rendang,Beef,Thịt bò,Malaysian,Malaysia,Beef Rendang,Cà Ri Bò Rendang
keleya-zaara,Lamb,Thịt cừu,Tunisian,Tunisia,Keleya Zaara,Cừu Sốt Nghệ Tây
turkey-bánh-mì,Miscellaneous,Hỗn hợp,Vietnamese,Việt Nam,Turkey Bánh mì,Bánh mì Gà tây
barramundi-with-moroccan-spices,Seafood,Hải sản,Australian,Úc,Barramundi with Moroccan spices,Cá Barramundi với Gia Vị Ma-rốc
red-peas-soup,Beef,Thịt bò,Jamaican,Jamaica,Red Peas Soup,Súp Đậu Đỏ
tandoori-chicken,Chicken,Thịt gà,Indian,Ấn Độ,Tandoori chicken,Gà Tandoori
cashew-ghoriba-biscuits,Dessert,Món tráng miệng,Tunisian,Tunisia,Cashew Ghoriba Biscuits,Bánh quy hạt điều
chocolate-avocado-mousse,Dessert,Món tráng miệng,British,Anh,Chocolate Avocado Mousse,Mousse bơ sô cô la
corba,Side,Món ăn kèm,Turkish,Thổ Nhĩ Kỳ,Corba,Canh
beef-banh-mi-bowls-with-sriracha-mayo-carrot--pickled-cucumber,Beef,Thịt bò,Vietnamese,Việt Nam,"Beef Banh Mi Bowls with Sriracha Mayo, Carrot & Pickled Cucumber",Bún Bò Cà Rốt và Dưa Chua
cinnamon-buns,Dessert,Món tráng miệng,Norwegian,Na Uy,Cinnamon buns,Bánh cuộn quế
boulangère-potatoes,Side,Món ăn kèm,French,Pháp,Boulangère Potatoes,Khoai Tây Boulangère
bakewell-tart,Dessert,Món tráng miệng,British,Anh,Bakewell tart,Bánh tart mứt hạnh nhân
new-york-cheesecake,Dessert,Món tráng miệng,American,Mỹ,New York cheesecake,Bánh phô mai New York
beef-dumpling-stew,Beef,Thịt bò,British,Anh,Beef Dumpling Stew,Bò Kho Bánh Giò
zemiakové-placky,Side,Món ăn kèm,Slovakian,Slovakia,Zemiakové Placky,Bánh khoai tây chiên
rømmegrøt--norwegian-sour-cream-porridge,Breakfast,Bữa sáng,Norwegian,Na Uy,Rømmegrøt – Norwegian Sour Cream Porridge,Cháo Kem Chua Na Uy
thai-beef-stir-fry,Beef,Thịt bò,Thai,Thái,Thai beef stir-fry,Bò xào kiểu Thái
sauerkraut-pierogii,Vegetarian,Chay,Ukrainian,ukraine,Sauerkraut pierogii,Bánh xếp bắp cải ngâm giấm
pan-fried-hake-white-bean--chorizo-broth,Seafood,Hải sản,Spanish,Tây Ban Nha,"Pan-fried hake, white bean & chorizo broth","Cá tuyết áp chảo, súp đậu trắng và xúc xích chorizo"
mee-goreng-mamak,Seafood,Hải sản,Malaysian,Malaysia,Mee goreng mamak,Mì xào Mã Lai
slow-roasted-ham-with-lemon-garlic--sage,Pork,Thịt heo,Polish,Ba Lan,"Slow-roasted ham with lemon, garlic & sage","Giăm bông quay chậm với chanh, tỏi, và xô thơm"
brun-lapskaus-norwegian-beef-vegetable-stew,Beef,Thịt bò,Norwegian,Na Uy,Brun Lapskaus (Norwegian Beef Vegetable Stew),Thịt bò hầm rau củ Na Uy
peanut-butter-cheesecake,Dessert,Món tráng miệng,American,Mỹ,Peanut Butter Cheesecake,Bánh phô mai bơ đậu phộng
apple--blackberry-crumble,Dessert,Món tráng miệng,British,Anh,Apple & Blackberry Crumble,Bánh táo và mâm xôi nướng giòn
norwegian-potato-lefse,Side,Món ăn kèm,Norwegian,Na Uy,Norwegian Potato Lefse,Bánh khoai tây Na Uy
chicken-congee,Chicken,Thịt gà,Chinese,Tiếng Trung,Chicken Congee,Cháo Gà
jerk-chicken-with-rice--peas,Chicken,Thịt gà,Jamaican,Jamaica,Jerk chicken with rice & peas,Gà Jerk với cơm đậu
postre-chajá,Dessert,Món tráng miệng,Uruguayan,Uruguay,Postre Chajá,Bánh Mousse Đào Meringue
chorba-hamra-bel-frik-algerian-lamb-tomato-and-freekeh-soup,Lamb,Thịt cừu,Algerian,Algeria,"Chorba Hamra bel Frik (Algerian Lamb, Tomato, and Freekeh Soup)",Súp Cừu Cà Chua và Hạt Freekeh Algeria
turkish-lamb-pilau,Lamb,Thịt cừu,Turkish,Thổ Nhĩ Kỳ,Turkish lamb pilau,Cơm cừu Thổ Nhĩ Kỳ
seafood-rice,Seafood,Hải sản,Spanish,Tây Ban Nha,Seafood rice,Cơm chiên hải sản
chocolate-churros-with-chocolate--salted-caramel-sauce,Dessert,Món tráng miệng,Spanish,Tây Ban Nha,Chocolate churros with chocolate & salted caramel sauce,Churros sô cô la kèm sốt sô cô la và caramel muối
egg-foo-young,Seafood,Hải sản,Chinese,Tiếng Trung,Egg Foo Young,Trứng chiên thịt
krispy-kreme-donut,Dessert,Món tráng miệng,American,Mỹ,Krispy Kreme Donut,Bánh Donut
bean--sausage-hotpot,Miscellaneous,Hỗn hợp,British,Anh,Bean & Sausage Hotpot,Lẩu Đậu và Xúc Xích
chicken-alfredo-primavera,Chicken,Thịt gà,Italian,Ý,Chicken Alfredo Primavera,Gà Alfredo Rau Củ
cornes-de-gazelle-gazelle-horns,Dessert,Món tráng miệng,Algerian,Algeria,Cornes de Gazelle (Gazelle Horns),Bánh Sừng Hươu
beef-and-oyster-pie,Beef,Thịt bò,British,Anh,Beef and Oyster pie,Bánh Thịt Bò và Hàu
cumberland-pie,Beef,Thịt bò,British,Anh,Cumberland Pie,Bánh pie Cumberland
summer-pistou,Vegetarian,Chay,French,Pháp,Summer Pistou,Sốt húng quế mùa hè
ham-croquetas,Pork,Thịt heo,Spanish,Tây Ban Nha,Ham croquetas,Chả lụa
oatmeal-pancakes,Breakfast,Bữa sáng,Venezulan,Venezuela,Oatmeal pancakes,Bánh kếp yến mạch
shakshuka,Vegetarian,Chay,Egyptian,Ai cập,Shakshuka,Trứng hấp sốt cà chua
broccoli--stilton-soup,Starter,Món khai vị,British,Anh,Broccoli & Stilton soup,Súp bông cải xanh phô mai Stilton
canadian-butter-tarts,Dessert,Món tráng miệng,Canadian,Ca-na-đa,Canadian Butter Tarts,Bánh tart bơ
tourtiere,Pork,Thịt heo,Canadian,Ca-na-đa,Tourtiere,Bánh Pâté Chảo
bigos-polish-hunters-stew,Beef,Thịt bò,Polish,Ba Lan,Bigos (Polish hunter's stew),Súp hầm thợ săn Ba Lan
thai-pork--peanut-curry,Pork,Thịt heo,Thai,Thái,Thai pork & peanut curry,Cà Ri Heo Đậu Phộng (Thái)
jamaican-cornmeal-porridge,Breakfast,Bữa sáng,Jamaican,Jamaica,Jamaican Cornmeal Porridge,Cháo Bột Ngô
torta-de-fiambre,Pork,Thịt heo,Uruguayan,Uruguay,Torta de fiambre,Bánh mặn giăm bông phô mai
mcsinghs-scotch-pie,Lamb,Thịt cừu,British,Anh,McSinghs Scotch pie,Bánh Pâté Sô
crock-pot-chicken-baked-tacos,Chicken,Thịt gà,Mexican, Mexico,Crock Pot Chicken Baked Tacos,Taco Gà Nướng Nồi Hầm
tom-yum-hot--sour-soup-with-prawns,Seafood,Hải sản,Thai,Thái,Tom yum (hot & sour) soup with prawns,Canh Tom Yum (chua cay) với tôm
vegan-lasagna,Vegan,Thuần chay,Italian,Ý,Vegan Lasagna,Lasagna Chay
syrian-spaghetti,Pasta,Mì,Syrian,Syria,Syrian Spaghetti,Mỳ Ý Syria
jam-roly-poly,Dessert,Món tráng miệng,British,Anh,Jam Roly-Poly,Bánh cuộn mứt dâu
alfajores,Dessert,Món tráng miệng,Argentinian,Argentina,Alfajores,Bánh quy kẹp
chicken-handi,Chicken,Thịt gà,Indian,Ấn Độ,Chicken Handi,Gà Handi
purple-sprouting-broccoli-tempura-with-nuoc-cham,Miscellaneous,Hỗn hợp,Vietnamese,Việt Nam,Purple sprouting broccoli tempura with nuoc cham,Bông cải xanh tempura chấm nước chấm
pear-tarte-tatin,Dessert,Món tráng miệng,French,Pháp,Pear Tarte Tatin,Bánh Tarte Tatin Lê
callaloo-jamaican-style,Miscellaneous,Hỗn hợp,Jamaican,Jamaica,Callaloo Jamaican Style,Rau Hấp
bigos-hunters-stew,Pork,Thịt heo,Polish,Ba Lan,Bigos (Hunters Stew),Thịt hầm kiểu Thợ Săn
karbonader-lean-beef-patties-with-caramelized-onions,Beef,Thịt bò,Norwegian,Na Uy,Karbonader (Lean Beef Patties) with Caramelized Onions,Bò áp chảo hành tây
piri-piri-chicken-and-slaw,Chicken,Thịt gà,Portuguese,Bồ Đào Nha,Piri-piri chicken and slaw,Gà Piri-piri và Gỏi Bắp Cải
pork-rib-bortsch,Pork,Thịt heo,Polish,Ba Lan,Pork rib bortsch,Súp củ dền sườn heo
griddled-flatbreads,Side,Món ăn kèm,Turkish,Thổ Nhĩ Kỳ,Griddled flatbreads,Bánh mì dẹt nướng
clam-chowder,Starter,Món khai vị,American,Mỹ,Clam chowder,Nghêu Chowder Kiểu Mỹ
lamb-and-lemon-souvlaki,Lamb,Thịt cừu,Greek,Hy Lạp,Lamb and Lemon Souvlaki,Thịt cừu nướng chanh
fish-pie,Seafood,Hải sản,British,Anh,Fish pie,Bánh cá
three-cheese-souffles,Miscellaneous,Hỗn hợp,French,Pháp,Three-cheese souffles,Suflê Ba Phô Mai
dziriat-algerian-almond-tarts,Dessert,Món tráng miệng,Algerian,Algeria,Dziriat (Algerian Almond Tarts),Bánh tart hạnh nhân Algeria
jamaican-steamed-cabbage,Side,Món ăn kèm,Jamaican,Jamaica,Jamaican Steamed Cabbage,Bắp cải xào kiểu Jamaica
tahini-lentils,Vegetarian,Chay,Moroccan,Ma-rốc,Tahini Lentils,Đậu lăng sốt mè
wontons,Pork,Thịt heo,Chinese,Tiếng Trung,Wontons,Hoành Thánh
bbq-pork-sloppy-joes,Pork,Thịt heo,American,Mỹ,BBQ Pork Sloppy Joes,Bánh Mì Kẹp Thịt Heo BBQ Sốt
creamy-tomato-soup,Starter,Món khai vị,British,Anh,Creamy Tomato Soup,Súp cà chua kem
air-fryer-egg-rolls,Side,Món ăn kèm,Chinese,Tiếng Trung,Air Fryer Egg Rolls,Chả Giò Chiên Không Dầu
barbecue-pork-buns,Pork,Thịt heo,Vietnamese,Việt Nam,Barbecue pork buns,Bánh bao xá xíu
beef-mandi,Beef,Thịt bò,Indian,Ấn Độ,Beef Mandi,Món Mandi Bò
piernik-polish-gingerbread,Dessert,Món tráng miệng,Polish,Ba Lan,Piernik (Polish gingerbread),Bánh gừng
apple-frangipan-tart,Dessert,Món tráng miệng,British,Anh,Apple Frangipan Tart,Bánh Tarte Táo Frangipane
sweet-and-sour-chicken,Chicken,Thịt gà,Chinese,Tiếng Trung,Sweet and Sour Chicken,Gà xào chua ngọt
aubergine--hummus-grills,Vegetarian,Chay,Turkish,Thổ Nhĩ Kỳ,Aubergine & hummus grills,Cà tím nướng sốt hummus
shakshouka,Miscellaneous,Hỗn hợp,Saudi Arabian,Ả Rập Xê Út,Shakshouka,Trứng poached sốt cà chua
napa-cabbage-with-dried-shrimp,Seafood,Hải sản,Chinese,Tiếng Trung,Napa Cabbage with Dried Shrimp,Cải Napa Tôm Khô
clam-chorizo--white-bean-stew,Seafood,Hải sản,Spanish,Tây Ban Nha,"Clam, chorizo & white bean stew","Súp nghêu, xúc xích và đậu trắng"
vietnamese-prawn-spiralized-rolls,Seafood,Hải sản,Vietnamese,Việt Nam,Vietnamese prawn spiralized rolls,Gỏi cuốn tôm
chicken-basquaise,Chicken,Thịt gà,French,Pháp,Chicken Basquaise,Gà Hầm Kiểu Basque
thai-rice-noodle-salad,Vegetarian,Chay,Thai,Thái,Thai rice noodle salad,Gỏi Bún Thái
arroz-con-gambas-y-calamar,Seafood,Hải sản,Spanish,Tây Ban Nha,Arroz con gambas y calamar,Cơm chiên tôm mực
warm-roast-asparagus-salad,Pork,Thịt heo,Australian,Úc,Warm roast asparagus salad,Gỏi măng tây nướng ấm
apricot--turkish-delight-mess,Dessert,Món tráng miệng,Turkish,Thổ Nhĩ Kỳ,Apricot & Turkish delight mess,Món tráng miệng mơ và kẹo dẻo Thổ Nhĩ Kỳ
beetroot-soup-borscht,Vegetarian,Chay,Ukrainian,ukraine,Beetroot Soup (Borscht),Súp Củ Dền
kung-po-prawns,Seafood,Hải sản,Chinese,Tiếng Trung,Kung Po Prawns,Tôm Kung Pao
yorkshire-puddings,Miscellaneous,Hỗn hợp,British,Anh,Yorkshire Puddings,Bánh Yorkshire
mediterranean-pasta-salad,Seafood,Hải sản,Italian,Ý,Mediterranean Pasta Salad,Gỏi Mì Ý Địa Trung Hải
grape-nut-ice-cream,Dessert,Món tráng miệng,Jamaican,Jamaica,Grape Nut Ice Cream,Kem Nho Khô
drunken-noodles-pad-kee-mao,Beef,Thịt bò,Thai,Thái,Drunken noodles (pad kee mao),Mì Say
chocolate-empanadas,Dessert,Món tráng miệng,Uruguayan,Uruguay,Chocolate empanadas,Bánh gối sô cô la
thai-coconut--veg-broth,Vegetarian,Chay,Thai,Thái,Thai coconut & veg broth,Súp dừa rau kiểu Thái
kedgeree,Seafood,Hải sản,British,Anh,Kedgeree,Cơm trộn cá hun khói
spanish-chicken,Chicken,Thịt gà,Spanish,Tây Ban Nha,Spanish Chicken,Gà Tây Ban Nha
coddled-pork-with-cider,Pork,Thịt heo,Irish,Ai-len,Coddled pork with cider,Thịt heo hầm rượu táo
eggplant-adobo,Vegetarian,Chay,Filipino,Philippines,Eggplant Adobo,Cà tím kho
stuffed-lamb-tomatoes,Lamb,Thịt cừu,Greek,Hy Lạp,Stuffed Lamb Tomatoes,Cà Chua Nhồi Thịt Cừu
madeira-cake,Dessert,Món tráng miệng,British,Anh,Madeira Cake,Bánh Madeira
beef-sunday-roast,Beef,Thịt bò,British,Anh,Beef Sunday Roast,Thịt bò nướng
jamaican-fried-dumplings,Side,Món ăn kèm,Jamaican,Jamaica,Jamaican Fried Dumplings,Bánh bao chiên kiểu Jamaica
cassava-pizza,Pork,Thịt heo,Venezulan,Venezuela,Cassava pizza,Pizza khoai mì
baingan-bharta,Vegetarian,Chay,Indian,Ấn Độ,Baingan Bharta,Cà tím nghiền cay
szechuan-beef,Beef,Thịt bò,Chinese,Tiếng Trung,Szechuan Beef,Bò Tứ Xuyên
pistachio-kunafa-chocolate-cake-and-cupcakes,Dessert,Món tráng miệng,Saudi Arabian,Ả Rập Xê Út,Pistachio Kunafa Chocolate Cake and Cupcakes,Bánh Sô-cô-la Kunafa Hồ Trăn và Bánh Cupcake
blini-pancakes,Side,Món ăn kèm,Russian,Nga,Blini Pancakes,Bánh Blini
salmon-noodle-wraps,Seafood,Hải sản,Vietnamese,Việt Nam,Salmon noodle wraps,Gỏi Cuốn Cá Hồi
vegan-banh-mi,Vegan,Thuần chay,Vietnamese,Việt Nam,Vegan banh mi,Bánh mì chay
gigantes-plaki,Vegetarian,Chay,Greek,Hy Lạp,Gigantes Plaki,Đậu nướng sốt cà chua
french-lentils-with-garlic-and-thyme,Miscellaneous,Hỗn hợp,French,Pháp,French Lentils With Garlic and Thyme,Đậu lăng kiểu Pháp với tỏi và cỏ xạ hương
mamoul-eid-biscuits,Dessert,Món tráng miệng,Saudi Arabian,Ả Rập Xê Út,Mamoul (Eid biscuits),Bánh quy Mamoul (bánh quy Eid)
coq-au-vin,Chicken,Thịt gà,French,Pháp,Coq au vin,Gà Nấu Rượu Chát
honey-yogurt-cheesecake,Dessert,Món tráng miệng,Greek,Hy Lạp,Honey Yogurt Cheesecake,Bánh phô mai sữa chua mật ong
suksessterte-norwegian-almond-success-cake,Dessert,Món tráng miệng,Norwegian,Na Uy,Suksessterte (Norwegian almond “success cake”),Bánh hạnh nhân
carrot-cake,Dessert,Món tráng miệng,British,Anh,Carrot Cake,Bánh cà rốt
kabse,Chicken,Thịt gà,Saudi Arabian,Ả Rập Xê Út,kabse,Cơm Gà Kabsa
spicy-thai-prawn-noodles,Seafood,Hải sản,Thai,Thái,Spicy Thai prawn noodles,Mì tôm Thái cay
thai-chicken-cakes-with-sweet-chilli-sauce,Chicken,Thịt gà,Thai,Thái,Thai chicken cakes with sweet chilli sauce,Bánh gà Thái với nước chấm ngọt
roasted-eggplant-with-tahini-pine-nuts-and-lentils,Vegetarian,Chay,American,Mỹ,"Roasted Eggplant With Tahini, Pine Nuts, and Lentils",Cà Tím Nướng Đậu Lăng
khobz-el-dar-algerian-semolina-bread,Side,Món ăn kèm,Algerian,Algeria,Khobz el Dar (Algerian Semolina Bread),Bánh mì Semolina Algeria
full-english-breakfast,Breakfast,Bữa sáng,British,Anh,Full English Breakfast,Bữa Sáng Kiểu Anh
ajo-blanco,Starter,Món khai vị,Spanish,Tây Ban Nha,Ajo blanco,Súp lạnh tỏi hạnh nhân
japanese-gohan-rice,Side,Món ăn kèm,Japanese,Nhật Bản,Japanese gohan rice,Cơm Gohan Nhật
salt--pepper-squid,Seafood,Hải sản,Vietnamese,Việt Nam,Salt & pepper squid,Mực chiên muối ớt
ensaimada,Dessert,Món tráng miệng,Spanish,Tây Ban Nha,Ensaimada,Bánh mì xoắn
jamaican-sweet-potato-pudding,Dessert,Món tráng miệng,Jamaican,Jamaica,Jamaican Sweet Potato Pudding,Chè Khoai Lang
pad-thai,Seafood,Hải sản,Thai,Thái,Pad Thai,Phở Xào Thái Lan
smoky-chicken-skewers,Chicken,Thịt gà,Turkish,Thổ Nhĩ Kỳ,Smoky chicken skewers,Gà xiên que hun khói
yemeni-lahsa-elite-shakshuka,Breakfast,Bữa sáng,Saudi Arabian,Ả Rập Xê Út,Yemeni Lahsa (Elite Shakshuka),Trứng Sốt Phô Mai Yemen
fresh-sardines,Side,Món ăn kèm,Croatian,Croatia,Fresh sardines,Cá mòi tươi
chilli-prawn-linguine,Pasta,Mì,Italian,Ý,Chilli prawn linguine,Linguine tôm ớt
rigatoni-with-fennel-sausage-sauce,Lamb,Thịt cừu,Italian,Ý,Rigatoni with fennel sausage sauce,Rigatoni sốt xúc xích thì là
potato-salad-olivier-salad,Vegetarian,Chay,Russian,Nga,Potato Salad (Olivier Salad),Salad Khoai Tây
beetroot--red-cabbage-sauerkraut,Vegetarian,Chay,Polish,Ba Lan,Beetroot & red cabbage sauerkraut,Dưa cải bắp đỏ củ dền
chicken-ham-and-leek-pie,Chicken,Thịt gà,British,Anh,Chicken Ham and Leek Pie,"Bánh Gà, Giăm Bông và Tỏi Tây"
beef-and-mustard-pie,Beef,Thịt bò,British,Anh,Beef and Mustard Pie,Bánh bò mù tạt
corned-beef-hash,Beef,Thịt bò,British,Anh,Corned Beef Hash,Bò muối xào khoai tây
spanish-style-slow-cooked-lamb-shoulder--beans,Lamb,Thịt cừu,Spanish,Tây Ban Nha,Spanish-style slow-cooked lamb shoulder & beans,Thịt cừu hầm kiểu Tây Ban Nha với đậu
ham-hock-colcannon,Pork,Thịt heo,Irish,Ai-len,Ham hock colcannon,Khoai tây nghiền bắp cải thịt chân giò
rye-bread,Side,Món ăn kèm,Polish,Ba Lan,Rye bread,Bánh mì lúa mạch đen
spaghetti-bolognese,Beef,Thịt bò,Italian,Ý,Spaghetti Bolognese,Mì Ý Sốt Bò
croatian-lamb-peka,Beef,Thịt bò,Croatian,Croatia,Croatian lamb peka,Cừu Peka Croatia
beetroot-pancakes,Dessert,Món tráng miệng,Ukrainian,ukraine,Beetroot pancakes,Bánh Xèo Củ Dền
moroccan-carrot-soup,Vegetarian,Chay,Moroccan,Ma-rốc,Moroccan Carrot Soup,Súp cà rốt Ma-rốc
mazariner--scandinavian-almond-tartlets,Dessert,Món tráng miệng,Norwegian,Na Uy,Mazariner – Scandinavian Almond Tartlets,Bánh tart hạnh nhân Scandinavia
strawberry-rhubarb-pie,Dessert,Món tráng miệng,British,Anh,Strawberry Rhubarb Pie,Bánh pie dâu và đại hoàng
shawarma,Chicken,Thịt gà,Egyptian,Ai cập,Shawarma,Shawarma
lamb--apricot-meatballs,Lamb,Thịt cừu,Turkish,Thổ Nhĩ Kỳ,Lamb & apricot meatballs,Thịt viên cừu và mơ
pad-see-ew,Chicken,Thịt gà,Thai,Thái,Pad See Ew,Bánh phở xào
vanilla-alfajores,Dessert,Món tráng miệng,Uruguayan,Uruguay,Vanilla alfajores,Bánh quy kẹp vani
honey-balsamic-chicken-with-crispy-broccoli--potatoes,Chicken,Thịt gà,American,Mỹ,Honey Balsamic Chicken with Crispy Broccoli & Potatoes,Gà Mật Ong Giấm Balsamic với Bông Cải Xanh và Khoai Tây Chiên
key-lime-pie,Dessert,Món tráng miệng,American,Mỹ,Key Lime Pie,Bánh kem chanh
grilled-eggplant-with-coconut-milk,Vegetarian,Chay,Filipino,Philippines,Grilled eggplant with coconut milk,Cà tím nướng nước cốt dừa
dutch-stroopwafel,Dessert,Món tráng miệng,Dutch,Hà Lan,Dutch stroopwafel,Bánh quế caramel
rosol-polish-chicken-soup,Chicken,Thịt gà,Polish,Ba Lan,Rosol (Polish Chicken Soup),Súp gà Ba Lan
massaman-beef-curry,Beef,Thịt bò,Thai,Thái,Massaman Beef curry,Cà ri bò Massaman
peach--blueberry-grunt,Dessert,Món tráng miệng,American,Mỹ,Peach & Blueberry Grunt,Bánh bột trái đào và việt quất
kofta-burgers,Lamb,Thịt cừu,Turkish,Thổ Nhĩ Kỳ,kofta burgers,Bánh mì kẹp thịt kofta
prawn-stir-fry,Seafood,Hải sản,Thai,Thái,Prawn stir-fry,Tôm xào
jamaican-boiled-dumplings,Side,Món ăn kèm,Jamaican,Jamaica,Jamaican Boiled Dumplings,Bánh luộc
syrian-rice-with-meat,Miscellaneous,Hỗn hợp,Syrian,Syria,Syrian Rice with Meat,Cơm Syria Thịt
roasted-chicken-with-creamy-walnut-sauce,Chicken,Thịt gà,Turkish,Thổ Nhĩ Kỳ,Roasted chicken with creamy walnut sauce,Gà nướng sốt kem óc chó
dal-fry,Vegetarian,Chay,Indian,Ấn Độ,Dal fry,Đậu rán
hummus,Side,Món ăn kèm,Turkish,Thổ Nhĩ Kỳ,Hummus,Hummus
thai-fried-rice-with-prawns--peas,Seafood,Hải sản,Thai,Thái,Thai fried rice with prawns & peas,Cơm chiên tôm và đậu Hà Lan
nanaimo-bars,Dessert,Món tráng miệng,Canadian,Ca-na-đa,Nanaimo Bars,Bánh Nanaimo
lamingtons,Dessert,Món tráng miệng,Australian,Úc,Lamingtons,Bánh Lamingtons
chicken-shawarma-with-homemade-garlic-herb-yoghurt-sauce,Chicken,Thịt gà,Saudi Arabian,Ả Rập Xê Út,Chicken Shawarma with homemade garlic herb yoghurt sauce,Gà Shawarma sốt sữa chua tỏi thơm
lemongrass-beef-stew-with-noodles,Beef,Thịt bò,Thai,Thái,Lemongrass beef stew with noodles,Bò Kho Mì
beetroot-latkes,Vegetarian,Chay,Ukrainian,ukraine,Beetroot latkes,Bánh củ dền
carbonada-criolla,Beef,Thịt bò,Argentinian,Argentina,Carbonada Criolla,Carbonada Criolla
fainá,Side,Món ăn kèm,Argentinian,Argentina,Fainá,Bánh Fainá
thai-drumsticks,Chicken,Thịt gà,Thai,Thái,Thai drumsticks,Đùi Gà Thái
beef-bourguignon,Beef,Thịt bò,French,Pháp,Beef Bourguignon,Bò kho
shawarma-chuck-roast-wrap,Beef,Thịt bò,Saudi Arabian,Ả Rập Xê Út,Shawarma chuck roast wrap,Shawarma thịt vai bò cuộn
jamaican-curry-goat,Goat,Dê,Jamaican,Jamaica,Jamaican Curry Goat,Cà Ri Dê
portuguese-prego-with-green-piri-piri,Beef,Thịt bò,Portuguese,Bồ Đào Nha,Portuguese prego with green piri-piri,Bò nướng ớt xanh
golabki-cabbage-roll,Beef,Thịt bò,Polish,Ba Lan,Golabki (cabbage roll),Bắp cải cuộn thịt
salmon-eggs-eggs-benedict,Breakfast,Bữa sáng,American,Mỹ,Salmon Eggs Eggs Benedict,Trứng Benedict Cá Hồi
venezuelan-arepas,Side,Món ăn kèm,Venezulan,Venezuela,Venezuelan Arepas,Bánh Arepa Venezuela
shawarma-bread,Side,Món ăn kèm,Saudi Arabian,Ả Rập Xê Út,Shawarma bread,Bánh mì Shawarma
patatas-bravas,Vegetarian,Chay,Spanish,Tây Ban Nha,Patatas bravas,Khoai tây sốt cay
chicken-fajita-mac-and-cheese,Chicken,Thịt gà,American,Mỹ,Chicken Fajita Mac and Cheese,Mac và Phô Mai Gà Fajita
grilled-mac-and-cheese-sandwich,Pasta,Mì,American,Mỹ,Grilled Mac and Cheese Sandwich,Bánh Mì Kẹp Phô Mai Macaroni Nướng
beef-brisket-pot-roast,Beef,Thịt bò,American,Mỹ,Beef Brisket Pot Roast,Bò kho
pancakes,Dessert,Món tráng miệng,American,Mỹ,Pancakes,Bánh Xèo
feteer-meshaltet,Side,Món ăn kèm,Egyptian,Ai cập,Feteer Meshaltet,Bánh ngàn lớp Ai Cập
fettuccine-alfredo,Pasta,Mì,Italian,Ý,Fettuccine Alfredo,Mì Ý Fettuccine Sốt Kem
zapiekanki,Pork,Thịt heo,Polish,Ba Lan,Zapiekanki,Bánh mì nướng
jamaican-rice-and-peas,Vegetarian,Chay,Jamaican,Jamaica,Jamaican Rice and Peas,Cơm và đậu
polish-chocolate--walnut-cake,Dessert,Món tráng miệng,Polish,Ba Lan,Polish chocolate & walnut cake,Bánh sô cô la hạt óc chó kiểu Ba Lan
pisto-con-huevos,Vegetarian,Chay,Spanish,Tây Ban Nha,Pisto con huevos,Rau củ hầm trứng
sticky-toffee-pudding-ultimate,Dessert,Món tráng miệng,British,Anh,Sticky Toffee Pudding Ultimate,Bánh pudding toffee
roti-john,Beef,Thịt bò,Malaysian,Malaysia,Roti john,Bánh mì trứng
chorizo--tomato-salad,Pork,Thịt heo,Spanish,Tây Ban Nha,Chorizo & tomato salad,Gỏi chorizo và cà chua
walnut-date--honey-cake,Dessert,Món tráng miệng,Turkish,Thổ Nhĩ Kỳ,"Walnut, date & honey cake",Bánh óc chó chà là mật ong
steak--vietnamese-noodle-salad,Beef,Thịt bò,Vietnamese,Việt Nam,Steak & Vietnamese noodle salad,Bún bò xào
brie-wrapped-in-prosciutto--brioche,Side,Món ăn kèm,French,Pháp,Brie wrapped in prosciutto & brioche,Brie cuộn prosciutto nướng bánh mì hoa cúc
matambre-a-la-pizza,Beef,Thịt bò,Argentinian,Argentina,Matambre a la Pizza,Bò nướng kiểu Pizza
prawn--fennel-bisque,Side,Món ăn kèm,French,Pháp,Prawn & Fennel Bisque,Súp kem tôm thì là
white-chocolate-creme-brulee,Dessert,Món tráng miệng,French,Pháp,White chocolate creme brulee,Kem cháy sô cô la trắng
slow-roast-lamb-with-cinnamon-fennel--citrus,Lamb,Thịt cừu,Turkish,Thổ Nhĩ Kỳ,"Slow-roast lamb with cinnamon, fennel & citrus","Cừu quay chậm với quế, thì là và cam chanh"
baked-salmon-with-fennel--tomatoes,Seafood,Hải sản,British,Anh,Baked salmon with fennel & tomatoes,Cá hồi nướng với thì là và cà chua
dutch-poffertjes-mini-pancakes,Breakfast,Bữa sáng,Dutch,Hà Lan,Dutch poffertjes (mini pancakes),Bánh Khọt
bread-omelette,Breakfast,Bữa sáng,Indian,Ấn Độ,Bread omelette,Bánh mì trứng
koshari,Vegetarian,Chay,Egyptian,Ai cập,Koshari,Cơm trộn Koshari
falafel-pita-sandwich-with-tahini-sauce,Vegetarian,Chay,Syrian,Syria,Falafel Pita Sandwich with Tahini Sauce,Bánh mì pita falafel sốt tahini
treacle-tart,Dessert,Món tráng miệng,British,Anh,Treacle Tart,Bánh tart mật đường
hot-chocolate-fudge,Dessert,Món tráng miệng,American,Mỹ,Hot Chocolate Fudge,Sô-cô-la Nóng Fudge
paella,Seafood,Hải sản,Spanish,Tây Ban Nha,Paella,Cơm Paella
callaloo-and-saltfish,Side,Món ăn kèm,Jamaican,Jamaica,Callaloo and SaltFish,Rau callaloo và cá muối
bistek,Beef,Thịt bò,Filipino,Philippines,Bistek,Bít tết
stuffed-bell-peppers-with-quinoa-and-black-beans,Vegetarian,Chay,Mexican, Mexico,Stuffed Bell Peppers with Quinoa and Black Beans,Ớt chuông nhồi quinoa và đậu đen
spanish-chicken-pie,Chicken,Thịt gà,Spanish,Tây Ban Nha,Spanish chicken pie,Bánh gà Tây Ban Nha
lasagne,Pasta,Mì,Italian,Ý,Lasagne,Lasagne
rock-cakes,Dessert,Món tráng miệng,British,Anh,Rock Cakes,Bánh Da
vegetable-shepherds-pie,Beef,Thịt bò,Irish,Ai-len,Vegetable Shepherds Pie,Bánh Khoai Rau Củ
chicken-wings-with-cumin-lemon--garlic,Chicken,Thịt gà,Turkish,Thổ Nhĩ Kỳ,"Chicken wings with cumin, lemon & garlic",Cánh gà nướng chanh tỏi và thì là
soy-glazed-meatloaves-with-wasabi-mashed-potatoes--roasted-carrots,Beef,Thịt bò,American,Mỹ,Soy-Glazed Meatloaves with Wasabi Mashed Potatoes & Roasted Carrots,Thịt ổ sốt xì dầu ăn kèm khoai tây nghiền wasabi và cà rốt nướng
beef-caldereta,Beef,Thịt bò,Filipino,Philippines,Beef Caldereta,Món bò hầm
venezuelan-shredded-beef,Beef,Thịt bò,Venezulan,Venezuela,Venezuelan Shredded Beef,Thịt bò xé Venezuela
figgy-duff,Dessert,Món tráng miệng,Canadian,Ca-na-đa,Figgy Duff,Bánh pudding quả sung
garlicky-prawns-with-sherry,Seafood,Hải sản,Spanish,Tây Ban Nha,Garlicky prawns with sherry,Tôm xào tỏi
nordic-smørrebrød-with-asparagus-and-horseradish-cream,Vegetarian,Chay,Norwegian,Na Uy,Nordic smørrebrød with asparagus and horseradish cream,Bánh mì mở kiểu Bắc Âu với măng tây và kem wasabi
tom-kha-gai,Chicken,Thịt gà,Thai,Thái,Tom kha gai,Súp Gà Nước Cốt Dừa
chicken-with-saffron-raisins--pine-nuts,Chicken,Thịt gà,Spanish,Tây Ban Nha,"Chicken with saffron, raisins & pine nuts","Gà xào nghệ tây, nho khô và hạt thông"
fish-stew-with-rouille,Seafood,Hải sản,French,Pháp,Fish Stew with Rouille,Cá kho kèm sốt Rouille
spanish-meatballs-with-clams-chorizo--squid,Miscellaneous,Hỗn hợp,Spanish,Tây Ban Nha,"Spanish meatballs with clams, chorizo & squid","Thịt viên Tây Ban Nha với nghêu, lạp xưởng và mực"
lamb-tomato-and-sweet-spices,Lamb,Thịt cừu,Moroccan,Ma-rốc,Lamb tomato and sweet spices,Thịt cừu cà chua và gia vị ngọt
portuguese-custard-tarts,Dessert,Món tráng miệng,Portuguese,Bồ Đào Nha,Portuguese custard tarts,Bánh tart trứng Bồ Đào Nha
minced-beef-pie,Beef,Thịt bò,British,Anh,Minced Beef Pie,Bánh bò băm
nutty-chicken-curry,Chicken,Thịt gà,Indian,Ấn Độ,Nutty Chicken Curry,Cà Ri Gà Hạt
thai-prawn-curry,Seafood,Hải sản,Thai,Thái,Thai prawn curry,Cà Ri Tôm Thái
chicken-parmentier,Chicken,Thịt gà,French,Pháp,Chicken Parmentier,Gà Parmentier
ugali--kenyan-cornmeal,Breakfast,Bữa sáng,Kenyan,Kenya,Ugali – Kenyan cornmeal,Mèn mén
chickpea-chorizo--spinach-stew,Pork,Thịt heo,Spanish,Tây Ban Nha,"Chickpea, chorizo & spinach stew",Đậu Gà Hầm Xúc Xích Chorizo và Rau Bó Xôi
peanut-butter-cookies,Dessert,Món tráng miệng,American,Mỹ,Peanut Butter Cookies,Bánh bơ đậu phộng
singapore-noodles-with-shrimp,Seafood,Hải sản,Chinese,Tiếng Trung,Singapore Noodles with Shrimp,Bún Xào Singapore Tôm
smoked-aubergine-purée,Side,Món ăn kèm,Turkish,Thổ Nhĩ Kỳ,Smoked aubergine purée,Cà tím nghiền xông khói
air-fryer-patatas-bravas,Vegetarian,Chay,Spanish,Tây Ban Nha,Air fryer patatas bravas,Khoai tây rán nồi chiên không dầu sốt bravas
fennel-dauphinoise,Side,Món ăn kèm,French,Pháp,Fennel Dauphinoise,Thì Là Nướng Kem
kumpir,Side,Món ăn kèm,Turkish,Thổ Nhĩ Kỳ,Kumpir,Khoai tây nướng Thổ Nhĩ Kỳ
vegetarian-shakshuka,Vegetarian,Chay,Saudi Arabian,Ả Rập Xê Út,Vegetarian Shakshuka,Trứng Poached Sốt Cà Chay
tangy-cabbage-slaw,Vegetarian,Chay,Ukrainian,ukraine,Tangy cabbage slaw,Gỏi Bắp Cải
sweet-and-sour-pork,Pork,Thịt heo,Chinese,Tiếng Trung,Sweet and Sour Pork,Sườn xào chua ngọt
beef-lo-mein,Beef,Thịt bò,Chinese,Tiếng Trung,Beef Lo Mein,Mì Xào Bò
spinach--ricotta-cannelloni,Vegetarian,Chay,Italian,Ý,Spinach & Ricotta Cannelloni,Canelloni Rau Chân Vịt Phô Mai
kenyan-beef-curry,Beef,Thịt bò,Kenyan,Kenya,Kenyan Beef Curry,Cà Ri Bò
venezuelan-turnovers,Side,Món ăn kèm,Venezulan,Venezuela,Venezuelan turnovers,Bánh
shrimp-with-snow-peas,Seafood,Hải sản,Chinese,Tiếng Trung,Shrimp With Snow Peas,Tôm Xào Đậu Hà Lan
spiced-smoky-barbecued-chicken,Chicken,Thịt gà,Australian,Úc,Spiced smoky barbecued chicken,Gà nướng BBQ khói gia vị
ezme,Vegetarian,Chay,Turkish,Thổ Nhĩ Kỳ,Ezme,Gỏi
chtitha-batata-algerian-potato-stew,Vegetarian,Chay,Algerian,Algeria,Chtitha Batata (Algerian Potato Stew),Khoai tây hầm kiểu Algeria
recheado-masala-fish,Seafood,Hải sản,Indian,Ấn Độ,Recheado Masala Fish,Cá Sốt Recheado
skillet-apple-pork-chops-with-roasted-sweet-potatoes--zucchini,Pork,Thịt heo,American,Mỹ,Skillet Apple Pork Chops with Roasted Sweet Potatoes & Zucchini,Sườn Heo Áp Chảo Sốt Táo kèm Khoai Lang và Bí Ngòi Nướng
salted-caramel-cheescake,Dessert,Món tráng miệng,American,Mỹ,Salted Caramel Cheescake,Bánh phô mai caramen muối
avocado-dip-with-new-potatoes,Vegetarian,Chay,Australian,Úc,Avocado dip with new potatoes,Khoai tây non sốt bơ
poulet-roti-a-lalgerienne-algerian-roast-chicken,Chicken,Thịt gà,Algerian,Algeria,Poulet Roti a l'Algerienne (Algerian Roast Chicken),Gà Quay Kiểu Algeria
date-squares,Dessert,Món tráng miệng,Canadian,Ca-na-đa,Date squares,Bánh vuông chà là
chorizo--chickpea-soup,Pork,Thịt heo,Spanish,Tây Ban Nha,Chorizo & chickpea soup,Súp Đậu Gà Xúc Xích
ayam-percik,Chicken,Thịt gà,Malaysian,Malaysia,Ayam Percik,Gà nướng sốt dừa
shakshuka-feta-cheese,Miscellaneous,Hỗn hợp,Saudi Arabian,Ả Rập Xê Út,Shakshuka Feta Cheese,Trứng sốt cà chua phô mai Feta
spiced-tortilla,Vegetarian,Chay,Spanish,Tây Ban Nha,Spiced tortilla,Bánh mì gia vị
bang-bang-prawn-salad,Seafood,Hải sản,Vietnamese,Việt Nam,Bang bang prawn salad,Gỏi tôm
beef-wellington,Beef,Thịt bò,British,Anh,Beef Wellington,Bò Wellington
mince-pies,Dessert,Món tráng miệng,British,Anh,Mince Pies,Bánh Patê Sô
honey-teriyaki-salmon,Seafood,Hải sản,Japanese,Nhật Bản,Honey Teriyaki Salmon,Cá Hồi Sốt Teriyaki Mật Ong
turkish-rice-vermicelli-rice,Miscellaneous,Hỗn hợp,Turkish,Thổ Nhĩ Kỳ,Turkish rice (vermicelli rice),Miến
chocolate-caramel-crispy,Dessert,Món tráng miệng,British,Anh,Chocolate Caramel Crispy,Bánh Sôcôla Caramel Giòn
saskatoon-pie,Dessert,Món tráng miệng,Canadian,Ca-na-đa,Saskatoon Pie,Bánh nướng dâu Saskatoon
bread-and-butter-pudding,Dessert,Món tráng miệng,British,Anh,Bread and Butter Pudding,Bánh mì bơ nướng
chicken-couscous,Chicken,Thịt gà,Moroccan,Ma-rốc,Chicken Couscous,Couscous Gà
tofu-greens--cashew-stir-fry,Vegetarian,Chay,Vietnamese,Việt Nam,"Tofu, greens & cashew stir-fry",Đậu hũ xào rau củ hạt điều
sichuan-style-stir-fried-chinese-long-beans,Vegetarian,Chay,Chinese,Tiếng Trung,Sichuan Style Stir-Fried Chinese Long Beans,Đậu đũa xào Tứ Xuyên
chocolate-alfajores,Dessert,Món tráng miệng,Uruguayan,Uruguay,Chocolate alfajores,Bánh alfajores sô cô la
beef-empanadas,Beef,Thịt bò,Uruguayan,Uruguay,Beef Empanadas,Bánh gối bò
cevapi-sausages,Beef,Thịt bò,Croatian,Croatia,Cevapi Sausages,Thịt nướng xâu
migas,Miscellaneous,Hỗn hợp,Spanish,Tây Ban Nha,Migas,Trứng cuộn bắp chiên
chicken-fried-rice,Chicken,Thịt gà,Chinese,Tiếng Trung,Chicken Fried Rice,Cơm Chiên Gà
banana-pancakes,Dessert,Món tráng miệng,American,Mỹ,Banana Pancakes,Banh chuoi
leblebi-soup,Vegetarian,Chay,Tunisian,Tunisia,Leblebi Soup,Súp Đậu Gà
vietnamese-grilled-pork-bun-thit-nuong,Pork,Thịt heo,Vietnamese,Việt Nam,Vietnamese Grilled Pork (bun-thit-nuong),Bún Thịt Nướng
kentucky-fried-chicken,Chicken,Thịt gà,American,Mỹ,Kentucky Fried Chicken,Gà Rán
lamb-pilaf-plov,Lamb,Thịt cừu,Russian,Nga,Lamb Pilaf (Plov),Cơm cừu Pilaf
breakfast-potatoes,Breakfast,Bữa sáng,Canadian,Ca-na-đa,Breakfast Potatoes,Khoai tây chiên ăn sáng
crispy-eggplant,Vegetarian,Chay,Filipino,Philippines,Crispy Eggplant,Cà tím chiên xù
general-tsos-chicken,Chicken,Thịt gà,Chinese,Tiếng Trung,General Tsos Chicken,Gà Tso Tổng
thai-style-steamed-fish,Seafood,Hải sản,Thai,Thái,Thai-style steamed fish,Cá hấp kiểu Thái
summer-pudding,Dessert,Món tráng miệng,British,Anh,Summer Pudding,Chè Mùa Hè
salmon-noodle-soup,Seafood,Hải sản,Vietnamese,Việt Nam,Salmon noodle soup,Phở Cá Hồi
caribbean-tamarind-balls,Dessert,Món tráng miệng,Jamaican,Jamaica,Caribbean Tamarind balls,Me viên
sesame-cucumber-salad,Side,Món ăn kèm,Chinese,Tiếng Trung,Sesame Cucumber Salad,Gỏi Dưa Leo
vietnamese-lamb-shanks-with-sweet-potatoes,Lamb,Thịt cừu,Vietnamese,Việt Nam,Vietnamese lamb shanks with sweet potatoes,Cừu hầm khoai lang
aussie-burgers,Beef,Thịt bò,Australian,Úc,Aussie Burgers,Bánh mì kẹp thịt kiểu Úc
æbleskiver,Dessert,Món tráng miệng,Norwegian,Na Uy,Æbleskiver,Bánh Khọt
easy-spanish-chicken,Chicken,Thịt gà,Spanish,Tây Ban Nha,Easy Spanish chicken,Gà Tây Ban Nha
croatian-bean-stew,Beef,Thịt bò,Croatian,Croatia,Croatian Bean Stew,Súp Đậu Croatia
vietnamese-style-caramel-pork,Pork,Thịt heo,Vietnamese,Việt Nam,Vietnamese-style caramel pork,Thịt kho tàu
fettucine-alfredo,Pasta,Mì,Italian,Ý,Fettucine alfredo,Mì Ý Fettuccine Alfredo
hodge-podge,Vegetarian,Chay,Canadian,Ca-na-đa,Hodge Podge,Món Hổ Lốn
chinese-orange-chicken,Chicken,Thịt gà,Chinese,Tiếng Trung,Chinese Orange Chicken,Gà Sốt Cam
lamb-tzatziki-burgers,Lamb,Thịt cừu,Greek,Hy Lạp,Lamb Tzatziki Burgers,Bánh Mì Thịt Cừu
lancashire-hotpot,Lamb,Thịt cừu,British,Anh,Lancashire hotpot,Món hầm Lancashire
pumpkin-pie,Dessert,Món tráng miệng,American,Mỹ,Pumpkin Pie,Bánh bí đỏ
jiggs-dinner,Beef,Thịt bò,Canadian,Ca-na-đa,Jiggs Dinner,Thịt bò muối và bắp cải luộc
braised-stuffed-cabbage,Vegetarian,Chay,Polish,Ba Lan,Braised stuffed cabbage,Bắp Cải Cuộn Thịt
brown-stew-chicken,Chicken,Thịt gà,Jamaican,Jamaica,Brown Stew Chicken,Gà kho
katsu-chicken-curry,Chicken,Thịt gà,Japanese,Nhật Bản,Katsu Chicken curry,Cà Ri Gà Katsu
boxty-breakfast,Pork,Thịt heo,Irish,Ai-len,Boxty Breakfast,Bữa sáng Boxty
egg-drop-soup,Vegetarian,Chay,Chinese,Tiếng Trung,Egg Drop Soup,Canh Trứng
milanesa,Beef,Thịt bò,Argentinian,Argentina,Milanesa,Thịt Cốt Lết Chiên Giòn
jamaican-beef-patties,Beef,Thịt bò,Jamaican,Jamaica,Jamaican Beef Patties,Bánh thịt bò Jamaica
tuna-and-egg-briks,Seafood,Hải sản,Tunisian,Tunisia,Tuna and Egg Briks,Bánh xốp cá ngừ trứng
turkey-meatloaf,Miscellaneous,Hỗn hợp,British,Anh,Turkey Meatloaf,Chả gà tây
portuguese-fish-stew-caldeirada-de-peixe,Seafood,Hải sản,Portuguese,Bồ Đào Nha,Portuguese fish stew (Caldeirada de peixe),Cá kho
griddled-aubergines-with-sesame-dressing,Vegetarian,Chay,Turkish,Thổ Nhĩ Kỳ,Griddled aubergines with sesame dressing,Cà tím nướng sốt mè
gambas-al-ajillo,Seafood,Hải sản,Spanish,Tây Ban Nha,Gambas al ajillo,Tôm xào tỏi
battenberg-cake,Dessert,Món tráng miệng,British,Anh,Battenberg Cake,Bánh Battenberg
torrijas-with-sherry,Breakfast,Bữa sáng,Spanish,Tây Ban Nha,Torrijas with sherry,Bánh mì chiên Torrijas sốt Sherry
fašírky,Pork,Thịt heo,Slovakian,Slovakia,Fašírky,Chả băm chiên
montreal-smoked-meat,Beef,Thịt bò,Canadian,Ca-na-đa,Montreal Smoked Meat,Thịt hun khói Montreal
kidney-bean-curry,Vegetarian,Chay,Indian,Ấn Độ,Kidney Bean Curry,Cà ri đậu tây
kapsalon,Lamb,Thịt cừu,Dutch,Hà Lan,Kapsalon,Thịt nướng khoai tây
portuguese-barbecued-pork-febras-assadas,Pork,Thịt heo,Portuguese,Bồ Đào Nha,Portuguese barbecued pork (Febras assadas),Thịt heo nướng
lamb-biryani,Lamb,Thịt cừu,Indian,Ấn Độ,Lamb Biryani,Cơm chiên cừu
spanish-beans-with-chicken--chorizo,Chicken,Thịt gà,Spanish,Tây Ban Nha,Spanish beans with chicken & chorizo,Đậu gà xào gà và xúc xích
turkish-style-lamb,Lamb,Thịt cừu,Turkish,Thổ Nhĩ Kỳ,Turkish-style lamb,Thịt cừu kiểu Thổ Nhĩ Kỳ
tangy-carrot-cabbage--onion-salad,Vegetarian,Chay,Vietnamese,Việt Nam,"Tangy carrot, cabbage & onion salad",Gỏi cà rốt bắp cải hành tây chua ngọt
kung-pao-chicken,Chicken,Thịt gà,Chinese,Tiếng Trung,Kung Pao Chicken,Gà Kung Pao
matar-paneer,Vegetarian,Chay,Indian,Ấn Độ,Matar Paneer,Cà ri phô mai đậu Hà Lan
mulukhiyah,Beef,Thịt bò,Egyptian,Ai cập,Mulukhiyah,Rau Đay
pistachio-cake,Dessert,Món tráng miệng,Polish,Ba Lan,Pistachio cake,Bánh hồ trăn
borsch,Beef,Thịt bò,Ukrainian,ukraine,Borsch,Súp củ dền
tuna-nicoise,Seafood,Hải sản,French,Pháp,Tuna Nicoise,Salad Cá Ngừ Kiểu Niçoise
beef-mechado,Beef,Thịt bò,Filipino,Philippines,Beef Mechado,Thịt bò hầm sốt cà chua
saltfish-and-ackee,Seafood,Hải sản,Jamaican,Jamaica,Saltfish and Ackee,Cá muối và Ackee
choc-chip-pecan-pie,Dessert,Món tráng miệng,American,Mỹ,Choc Chip Pecan Pie,Bánh nướng sô cô la hạt hồ đào
chicken-mandi,Chicken,Thịt gà,Indian,Ấn Độ,Chicken Mandi,Cơm Gà Mandi
roast-fennel-and-aubergine-paella,Vegan,Thuần chay,Spanish,Tây Ban Nha,Roast fennel and aubergine paella,Paella thì là và cà tím nướng
strawberries-romanoff,Dessert,Món tráng miệng,Russian,Nga,Strawberries Romanoff,Dâu tây Romanoff
fruit-and-cream-cheese-breakfast-pastries,Breakfast,Bữa sáng,American,Mỹ,Fruit and Cream Cheese Breakfast Pastries,Bánh phô mai trái cây
thai-curry-noodle-soup,Seafood,Hải sản,Thai,Thái,Thai curry noodle soup,Mì cà ri Thái
no-churn-rum-raisin-ice-cream,Dessert,Món tráng miệng,Jamaican,Jamaica,No-Churn Rum Raisin Ice Cream,Kem Rum Nho Khô
seafood-fideuà,Seafood,Hải sản,Spanish,Tây Ban Nha,Seafood fideuà,Mì xào hải sản
poutine,Miscellaneous,Hỗn hợp,Canadian,Ca-na-đa,Poutine,Phở Poutine
fasoliyyeh-bi-z-zayt-syrian-green-beans-with-olive-oil,Vegan,Thuần chay,Syrian,Syria,Fasoliyyeh Bi Z-Zayt (Syrian Green Beans with Olive Oil),Đậu Que Xào Dầu Ô Liu
vegan-chocolate-cake,Vegan,Thuần chay,American,Mỹ,Vegan Chocolate Cake,Bánh Sôcôla Chay
spanish-tortilla,Vegetarian,Chay,Spanish,Tây Ban Nha,Spanish Tortilla,Trứng cuộn khoai tây Tây Ban Nha
arepa-pabellón,Beef,Thịt bò,Venezulan,Venezuela,Arepa Pabellón,Bánh Arepa nhân Pabellón
steak-diane,Beef,Thịt bò,French,Pháp,Steak Diane,Bít tết Diane
corned-beef-and-cabbage,Beef,Thịt bò,Irish,Ai-len,Corned Beef and Cabbage,Thịt bò muối và bắp cải
mustard-champ,Side,Món ăn kèm,Irish,Ai-len,Mustard champ,Khoai tây nghiền mù tạt
sticky-toffee-pudding,Dessert,Món tráng miệng,British,Anh,Sticky Toffee Pudding,Bánh pudding chà là sốt bơ đường
rice-paper-dumplings,Pork,Thịt heo,Vietnamese,Việt Nam,Rice paper dumplings,Gỏi cuốn
jamaican-curry-shrimp-recipe,Seafood,Hải sản,Jamaican,Jamaica,Jamaican Curry Shrimp Recipe,Tôm Cari Jamaica
norwegian-krumkake,Dessert,Món tráng miệng,Norwegian,Na Uy,Norwegian Krumkake,Bánh kẹp Krumkake
grilled-portuguese-sardines,Seafood,Hải sản,Portuguese,Bồ Đào Nha,Grilled Portuguese sardines,Cá mòi Bồ Đào Nha nướng
empanadas,Beef,Thịt bò,Argentinian,Argentina,Empanadas,Bánh xếp
chicken-karaage,Chicken,Thịt gà,Japanese,Nhật Bản,Chicken Karaage,Gà Karaage
tajine-de-poulet-aux-carottes-et-patates-douces-chicken-and-sweet-potato-tagine,Chicken,Thịt gà,Algerian,Algeria,Tajine de Poulet aux Carottes et Patates Douces (Chicken and Sweet Potato Tagine),Gà Hầm Cà Rốt Khoai Lang
chivito-uruguayo,Beef,Thịt bò,Uruguayan,Uruguay,Chivito uruguayo,Bánh mì bò Uruguay
chocolate-coconut-squares,Dessert,Món tráng miệng,Australian,Úc,Chocolate Coconut Squares,Bánh Dừa Sôcôla
prawns-with-romesco-sauce,Seafood,Hải sản,Spanish,Tây Ban Nha,Prawns with Romesco sauce,Tôm sốt Romesco
salt-cod-tortilla,Seafood,Hải sản,Spanish,Tây Ban Nha,Salt cod tortilla,Trứng cuộn cá tuyết khô
tunisian-lamb-soup,Lamb,Thịt cừu,Tunisian,Tunisia,Tunisian Lamb Soup,Súp Cừu Tunisia
tortang-talong,Vegetarian,Chay,Filipino,Philippines,Tortang Talong,Trứng chiên cà tím
spicy-arrabiata-penne,Vegetarian,Chay,Italian,Ý,Spicy Arrabiata Penne,Mì Penne Sốt Cà Chua Cay
stir-fried-chicken-with-chillies--basil,Chicken,Thịt gà,Thai,Thái,Stir-fried chicken with chillies & basil,Gà xào ớt và húng quế
aubergine-couscous-salad,Vegetarian,Chay,Turkish,Thổ Nhĩ Kỳ,Aubergine couscous salad,Salad Couscous Cà Tím
sukuma-wiki,Vegetarian,Chay,Kenyan,Kenya,Sukuma Wiki,Cải Xanh Xào
raspberry-mousse,Dessert,Món tráng miệng,Polish,Ba Lan,Raspberry mousse,Mousse mâm xôi
quick-salt--pepper-squid,Seafood,Hải sản,Australian,Úc,Quick salt & pepper squid,Mực chiên muối ớt
sichuan-eggplant,Vegetarian,Chay,Chinese,Tiếng Trung,Sichuan Eggplant,Cà tím Tứ Xuyên
red-onion-pickle,Vegan,Thuần chay,Norwegian,Na Uy,Red onion pickle,Hành Dầm
passion-fruit-mousse,Dessert,Món tráng miệng,Venezulan,Venezuela,Passion fruit mousse,Mousse chanh dây
vegetarian-chilli,Vegetarian,Chay,British,Anh,Vegetarian Chilli,Chili Chay
noodle-bowl-salad,Seafood,Hải sản,Vietnamese,Việt Nam,Noodle bowl salad,Bún
salmon-prawn-risotto,Seafood,Hải sản,Italian,Ý,Salmon Prawn Risotto,Cơm Ý Cá Hồi Tôm
šúĺlance-s-makom,Dessert,Món tráng miệng,Slovakian,Slovakia,Šúĺlance s Makom,Bánh khoai tây cuộn hạt anh túc
algerian-carrots,Side,Món ăn kèm,Algerian,Algeria,Algerian Carrots,Cà rốt kiểu Algeria
big-mac,Beef,Thịt bò,American,Mỹ,Big Mac,Burger Big Mac
ratatouille,Vegetarian,Chay,French,Pháp,Ratatouille,Rau củ hầm kiểu Pháp
vegetarian-casserole,Vegetarian,Chay,British,Anh,Vegetarian Casserole,Món chay hầm
raspeballer-norwegian-potato-dumplings,Pork,Thịt heo,Norwegian,Na Uy,Raspeballer (Norwegian Potato Dumplings),Bánh khoai tây Na Uy
arroz-al-horno-baked-rice,Pork,Thịt heo,Spanish,Tây Ban Nha,Arroz al horno (baked rice),Cơm nướng
beef-and-broccoli-stir-fry,Beef,Thịt bò,Chinese,Tiếng Trung,Beef and Broccoli Stir-Fry,Bò xào bông cải
venezuelan-coconut-chicken,Chicken,Thịt gà,Venezulan,Venezuela,Venezuelan Coconut Chicken,Gà Nước Cốt Dừa
ful-medames,Vegetarian,Chay,Egyptian,Ai cập,Ful Medames,Đậu fava hầm
chinon-apple-tarts,Dessert,Món tráng miệng,French,Pháp,Chinon Apple Tarts,Bánh Táo Chinon
blackberry-fool,Dessert,Món tráng miệng,British,Anh,Blackberry Fool,Blackberry Fool
flamiche,Vegetarian,Chay,French,Pháp,Flamiche,Bánh tart mặn
spanish-rice--prawn-one-pot,Seafood,Hải sản,Spanish,Tây Ban Nha,Spanish rice & prawn one-pot,Cơm chiên tôm kiểu Tây Ban Nha (nồi đơn)
mini-bundt-cakes,Dessert,Món tráng miệng,Polish,Ba Lan,Mini bundt cakes,Bánh bông lan mini
traditional-croatian-goulash,Beef,Thịt bò,Croatian,Croatia,Traditional Croatian Goulash,Món Goulash Truyền Thống Croatia
dundee-cake,Dessert,Món tráng miệng,British,Anh,Dundee cake,Bánh Dundee Scotland
french-onion-soup,Side,Món ăn kèm,French,Pháp,French Onion Soup,Súp Hành Kiểu Pháp
venezuelan-sancocho,Beef,Thịt bò,Venezulan,Venezuela,Venezuelan Sancocho,Súp Sancocho Venezuela
grilled-aubergines-with-spicy-chickpeas--walnut-sauce,Vegetarian,Chay,Turkish,Thổ Nhĩ Kỳ,Grilled aubergines with spicy chickpeas & walnut sauce,Cà Tím Nướng Đậu Gà Cay Sốt Quả Óc Chó
corned-beef-and-cabbage--jamaican-style,Beef,Thịt bò,Jamaican,Jamaica,Corned Beef and Cabbage – Jamaican Style,Thịt bò muối và bắp cải kiểu Jamaica
tonkatsu-pork,Pork,Thịt heo,Japanese,Nhật Bản,Tonkatsu pork,Thịt heo Tonkatsu
pierogi-polish-dumplings,Side,Món ăn kèm,Polish,Ba Lan,Pierogi (Polish Dumplings),Bánh xếp
chicken-quinoa-greek-salad,Chicken,Thịt gà,Greek,Hy Lạp,Chicken Quinoa Greek Salad,Gỏi Gà Hạt Diêm Mạch
crispy-sausages-and-greens,Pork,Thịt heo,Irish,Ai-len,Crispy Sausages and Greens,Lạp xưởng chiên giòn xào rau cải
jamaican-festival-sweet-dumpling,Side,Món ăn kèm,Jamaican,Jamaica,Jamaican Festival (Sweet Dumpling),Bánh bao ngọt
mini-chilli-beef-pies,Beef,Thịt bò,Australian,Úc,Mini chilli beef pies,Bánh pie bò cay nhỏ
apam-balik,Dessert,Món tráng miệng,Malaysian,Malaysia,Apam balik,Bánh kếp ngọt
duck-confit,Miscellaneous,Hỗn hợp,French,Pháp,Duck Confit,Đùi Vịt Nấu Mỡ
cabbage-soup-shchi,Vegetarian,Chay,Russian,Nga,Cabbage Soup (Shchi),Súp Bắp Cải
roast-aubergine-with-goats-cheese--toasted-flatbread,Vegetarian,Chay,Turkish,Thổ Nhĩ Kỳ,Roast aubergine with goat's cheese & toasted flatbread,Cà tím nướng phô mai dê với bánh mì nướng
parkin-cake,Dessert,Món tráng miệng,British,Anh,Parkin Cake,Bánh Gừng Mật Mía
fyrstekake--norwegian-prince-cake,Dessert,Món tráng miệng,Norwegian,Na Uy,Fyrstekake – Norwegian Prince Cake,Bánh Hoàng Tử Na Uy
spring-onion-and-prawn-empanadas,Seafood,Hải sản,Portuguese,Bồ Đào Nha,Spring onion and prawn empanadas,Bánh gối tôm và hành lá
hot-cumin-lamb-wrap-with-crunchy-slaw--spicy-mayo,Lamb,Thịt cừu,Turkish,Thổ Nhĩ Kỳ,Hot cumin lamb wrap with crunchy slaw & spicy mayo,Bánh mì kẹp thịt cừu thì là cay với gỏi giòn và sốt mayo cay
prawn--noodle-salad-with-crispy-shallots,Seafood,Hải sản,Vietnamese,Việt Nam,Prawn & noodle salad with crispy shallots,Gỏi tôm bún hành phi
burek,Side,Món ăn kèm,Croatian,Croatia,Burek,Bánh Pâté Sô (hoặc Bánh Nướng)
classic-tourtière,Beef,Thịt bò,Canadian,Ca-na-đa,Classic Tourtière,Bánh Tourtière cổ điển
fried-calamari,Seafood,Hải sản,Spanish,Tây Ban Nha,Fried calamari,Mực chiên giòn
timbits,Dessert,Món tráng miệng,Canadian,Ca-na-đa,Timbits,Bánh donut bi
cacik,Side,Món ăn kèm,Turkish,Thổ Nhĩ Kỳ,Cacik,Sữa chua dưa chuột
pomegranate-salad,Vegetarian,Chay,Polish,Ba Lan,Pomegranate salad,Gỏi lựu
chicken--mushroom-hotpot,Chicken,Thịt gà,British,Anh,Chicken & mushroom Hotpot,Lẩu gà nấm
smoky-lentil-chili-with-squash,Vegetarian,Chay,British,Anh,Smoky Lentil Chili with Squash,Ớt đậu lăng và bí đỏ hun khói
molasses-baked-beans,Vegetarian,Chay,Canadian,Ca-na-đa,Molasses Baked Beans,Đậu hầm mật đường
red-curry-chicken-kebabs,Chicken,Thịt gà,Thai,Thái,Red curry chicken kebabs,Gà xiên que cà ri đỏ
algerian-bouzgene-berber-bread-with-roasted-pepper-sauce,Side,Món ăn kèm,Algerian,Algeria,Algerian Bouzgene Berber Bread with Roasted Pepper Sauce,Bánh mì Bouzgene Berber Algeria với sốt ớt chuông nướng
polskie-nalesniki-polish-pancakes,Dessert,Món tráng miệng,Polish,Ba Lan,Polskie Nalesniki (Polish Pancakes),Bánh xèo Ba Lan
chickpea-fajitas,Vegetarian,Chay,Mexican, Mexico,Chickpea Fajitas,Fajita Đậu gà
tom-yum-soup-with-prawns,Seafood,Hải sản,Thai,Thái,Tom yum soup with prawns,Canh Tom Yum Tôm
bitterballen-dutch-meatballs,Beef,Thịt bò,Dutch,Hà Lan,Bitterballen (Dutch meatballs),Thịt viên Hà Lan
sushi,Seafood,Hải sản,Japanese,Nhật Bản,Sushi,Món sushi
lamb-tagine,Lamb,Thịt cừu,Moroccan,Ma-rốc,Lamb Tagine,Tagine Thịt Cừu
tunisian-orange-cake,Dessert,Món tráng miệng,Tunisian,Tunisia,Tunisian Orange Cake,Bánh cam
rosemary-braised-red-cabbage-with-kabanos,Pork,Thịt heo,Ukrainian,ukraine,Rosemary braised red cabbage with kabanos,Bắp cải tím om xông khói kabanos và hương thảo
ma-po-tofu,Beef,Thịt bò,Chinese,Tiếng Trung,Ma Po Tofu,Đậu hũ Tứ Xuyên
fish-fofos,Seafood,Hải sản,Portuguese,Bồ Đào Nha,Fish fofos,Chả cá viên
christmas-pudding-trifle,Dessert,Món tráng miệng,British,Anh,Christmas Pudding Trifle,Bánh Giáng Sinh Xếp Lớp
polish-patties-kotlety,Side,Món ăn kèm,Polish,Ba Lan,Polish patties (kotlety),Chả viên Ba Lan
syrian-bread,Miscellaneous,Hỗn hợp,Syrian,Syria,Syrian Bread,Bánh mì Syria
braised-beef-chilli,Beef,Thịt bò,Mexican, Mexico,Braised Beef Chilli,Thịt Bò Kho
pollo-en-pepitoria,Chicken,Thịt gà,Spanish,Tây Ban Nha,Pollo en pepitoria,Gà om sốt hạnh nhân
rocky-road-fudge,Dessert,Món tráng miệng,American,Mỹ,Rocky Road Fudge,Kẹo bơ đường Rocky Road
silken-tofu-with-sesame-soy-sauce,Vegetarian,Chay,Chinese,Tiếng Trung,Silken Tofu with Sesame Soy Sauce,Đậu Hủ Lụa Sốt Xì Dầu Mè
chorizo--soft-boiled-egg-salad,Pork,Thịt heo,Spanish,Tây Ban Nha,Chorizo & soft-boiled egg salad,Salad trứng lòng đào xúc xích Chorizo
snert-dutch-split-pea-soup,Side,Món ăn kèm,Dutch,Hà Lan,Snert (Dutch Split Pea Soup),Súp Đậu Hà Lan
pilchard-puttanesca,Pasta,Mì,Italian,Ý,Pilchard puttanesca,Cá trích sốt Puttanesca
eccles-cakes,Dessert,Món tráng miệng,British,Anh,Eccles Cakes,Bánh Eccles
oxtail-with-broad-beans,Beef,Thịt bò,Jamaican,Jamaica,Oxtail with broad beans,Đuôi bò nấu đậu
christmas-pudding-flapjack,Dessert,Món tráng miệng,British,Anh,Christmas Pudding Flapjack,Bánh yến mạch Giáng Sinh
falafel,Vegetarian,Chay,Turkish,Thổ Nhĩ Kỳ,Falafel,Chả đậu gà
chinese-tomato-egg-stir-fry,Vegetarian,Chay,Chinese,Tiếng Trung,Chinese Tomato Egg Stir Fry,Trứng xào cà chua
locro,Miscellaneous,Hỗn hợp,Argentinian,Argentina,Locro,Súp đặc Locro
sea-bass-with-sizzled-ginger-chilli--spring-onions,Seafood,Hải sản,Vietnamese,Việt Nam,"Sea bass with sizzled ginger, chilli & spring onions",Cá chẽm hấp gừng hành ớt
vietnamese-style-veggie-hotpot,Vegetarian,Chay,Vietnamese,Việt Nam,Vietnamese-style veggie hotpot,Lẩu chay
stamppot,Pork,Thịt heo,Dutch,Hà Lan,Stamppot,Khoai tây nghiền
beef-asado,Beef,Thịt bò,Filipino,Philippines,Beef Asado,Bò Hầm
lasagna-sandwiches,Pasta,Mì,American,Mỹ,Lasagna Sandwiches,Bánh mì Lasagna
chicken--chorizo-rice-pot,Chicken,Thịt gà,Spanish,Tây Ban Nha,Chicken & chorizo rice pot,Cơm Thịt Gà và Chorizo
chakchouka-,Miscellaneous,Hỗn hợp,Tunisian,Tunisia,Chakchouka,Trứng sốt cà chua
tarte-tatin,Dessert,Món tráng miệng,French,Pháp,Tarte Tatin,Bánh Tarte Tatin
english-breakfast,Breakfast,Bữa sáng,British,Anh,English Breakfast,Bữa sáng kiểu Anh
squash-linguine,Vegetarian,Chay,Italian,Ý,Squash linguine,Mì Ý Bí
pork-cassoulet,Pork,Thịt heo,French,Pháp,Pork Cassoulet,Cassoulet Thịt Heo
spanish-tomato-bread-with-jamón-serrano,Pork,Thịt heo,Spanish,Tây Ban Nha,Spanish tomato bread with jamón Serrano,Bánh mì cà chua Tây Ban Nha và giăm bông Serrano
chorizo-potato--cheese-omelette,Pork,Thịt heo,Spanish,Tây Ban Nha,"Chorizo, potato & cheese omelette","Trứng cuộn Chorizo, Khoai tây và Phô mai"
baba-ghanoush,Side,Món ăn kèm,Syrian,Syria,Baba Ghanoush,Cà tím nghiền
chelsea-buns,Dessert,Món tráng miệng,British,Anh,Chelsea Buns,Bánh cuộn Chelsea
jamaican-curry-chicken-recipe,Chicken,Thịt gà,Jamaican,Jamaica,Jamaican Curry Chicken Recipe,Cà Ri Gà
thai-pumpkin-soup,Vegetarian,Chay,Thai,Thái,Thai pumpkin soup,Súp bí đỏ kiểu Thái
spaghetti-alla-carbonara,Pasta,Mì,Italian,Ý,Spaghetti alla Carbonara,Mì Ý Carbonara
sauerkraut-pierogi,Vegetarian,Chay,Polish,Ba Lan,Sauerkraut pierogi,Bánh xếp bắp cải ngâm giấm
french-onion-chicken-with-roasted-carrots--mashed-potatoes,Chicken,Thịt gà,American,Mỹ,French Onion Chicken with Roasted Carrots & Mashed Potatoes,Gà Sốt Hành Tây với Cà Rốt Nướng và Khoai Tây Nghiền
anzac-biscuits,Dessert,Món tráng miệng,Australian,Úc,Anzac biscuits,Bánh quy yến mạch Úc-New Zealand
spotted-dick,Dessert,Món tráng miệng,British,Anh,Spotted Dick,Bánh pudding trái cây khô
mushroom-soup-with-buckwheat,Side,Món ăn kèm,Croatian,Croatia,Mushroom soup with buckwheat,Súp nấm kiều mạch
spicy-north-african-potato-salad,Vegetarian,Chay,Moroccan,Ma-rốc,Spicy North African Potato Salad,Gỏi khoai tây Bắc Phi cay
paszteciki-polish-pasties,Beef,Thịt bò,Polish,Ba Lan,Paszteciki (Polish Pasties),Bánh Pateso Ba Lan
chicken-enchilada-casserole,Chicken,Thịt gà,Mexican, Mexico,Chicken Enchilada Casserole,Casserole Enchilada Gà
japanese-katsudon,Pork,Thịt heo,Japanese,Nhật Bản,Japanese Katsudon,Cơm thịt heo chiên xù kiểu Nhật
algerian-kefta-meatballs,Beef,Thịt bò,Algerian,Algeria,Algerian Kefta (Meatballs),Thịt viên Algeria
venetian-duck-ragu,Pasta,Mì,Italian,Ý,Venetian Duck Ragu,Ragu Vịt Kiểu Venice
baklava-with-spiced-nuts-ricotta--chocolate,Dessert,Món tráng miệng,Turkish,Thổ Nhĩ Kỳ,"Baklava with spiced nuts, ricotta & chocolate","Baklava hạt gia vị, phô mai ricotta và sô cô la"
jamaican-banana-fritters,Dessert,Món tráng miệng,Jamaican,Jamaica,Jamaican Banana Fritters,Chuối chiên
blueberry--lemon-friands,Dessert,Món tráng miệng,Australian,Úc,Blueberry & lemon friands,Bánh việt quất chanh
christmas-cake,Dessert,Món tráng miệng,British,Anh,Christmas cake,Bánh Giáng sinh
chicken-marengo,Chicken,Thịt gà,French,Pháp,Chicken Marengo,Gà Marengo
chivito-sandwich,Beef,Thịt bò,Uruguayan,Uruguay,Chivito sandwich,Bánh mì Bò
tall-skoleboller,Dessert,Món tráng miệng,Norwegian,Na Uy,Tall Skoleboller,Bánh Skoleboller kem trứng
choripán,Pork,Thịt heo,Argentinian,Argentina,Choripán,Bánh mì xúc xích nướng
sledz-w-oleju-polish-herrings,Seafood,Hải sản,Polish,Ba Lan,Sledz w Oleju (Polish Herrings),Cá trích ngâm dầu
crema-catalana,Dessert,Món tráng miệng,Spanish,Tây Ban Nha,Crema Catalana,Kem caramen kiểu Catalan
quick-gazpacho,Starter,Món khai vị,Spanish,Tây Ban Nha,Quick gazpacho,Súp lạnh Gazpacho
vietnamese-caramel-trout,Seafood,Hải sản,Vietnamese,Việt Nam,Vietnamese caramel trout,Cá hồi kho tộ
jamaican-spice-bun-recipe,Dessert,Món tráng miệng,Jamaican,Jamaica,Jamaican Spice Bun Recipe,Bánh mì ngọt Jamaica
thai-green-chicken-soup,Chicken,Thịt gà,Thai,Thái,Thai green chicken soup,Súp cà ri gà xanh Thái
stovetop-eggplant-with-harissa-chickpeas-and-cumin-yogurt,Vegetarian,Chay,American,Mỹ,"Stovetop Eggplant With Harissa, Chickpeas, and Cumin Yogurt",Cà Tím Đậu Gà Sốt Harissa và Sữa Chua Thì Là
sugar-pie,Dessert,Món tráng miệng,Canadian,Ca-na-đa,Sugar Pie,Bánh nướng đường
classic-christmas-pudding,Dessert,Món tráng miệng,British,Anh,Classic Christmas pudding,Bánh pudding Giáng Sinh
salmon-avocado-salad,Seafood,Hải sản,British,Anh,Salmon Avocado Salad,Salad Cá Hồi Bơ
rappie-pie,Chicken,Thịt gà,Canadian,Ca-na-đa,Rappie Pie,Bánh Khoai Tây Nghiền
flan,Dessert,Món tráng miệng,Uruguayan,Uruguay,Flan,Bánh flan
spanish-seafood-rice,Seafood,Hải sản,Spanish,Tây Ban Nha,Spanish seafood rice,Cơm hải sản Tây Ban Nha
cajun-spiced-fish-tacos,Seafood,Hải sản,Mexican, Mexico,Cajun spiced fish tacos,Taco cá cay Cajun
nasi-lemak,Seafood,Hải sản,Malaysian,Malaysia,Nasi lemak,Cơm dừa Mã Lai
gevulde-speculaas,Dessert,Món tráng miệng,Dutch,Hà Lan,Gevulde speculaas,Bánh quy hạnh nhân nhân gia vị
authentic-norwegian-kransekake,Dessert,Món tráng miệng,Norwegian,Na Uy,Authentic Norwegian Kransekake,Bánh hạnh nhân Na Uy
moussaka,Beef,Thịt bò,Greek,Hy Lạp,Moussaka,Món Moussaka
chocolate-souffle,Dessert,Món tráng miệng,French,Pháp,Chocolate Souffle,Souffle Sôcôla
osso-buco-alla-milanese,Miscellaneous,Hỗn hợp,Italian,Ý,Osso Buco alla Milanese,Osso Buco kiểu Milan
vietnamese-chicken-salad,Chicken,Thịt gà,Vietnamese,Việt Nam,Vietnamese chicken salad,Gỏi Gà
kafteji,Vegetarian,Chay,Tunisian,Tunisia,Kafteji,Rau củ chiên trứng
jam-jam-cookies,Dessert,Món tráng miệng,Canadian,Ca-na-đa,Jam jam cookies,Bánh quy mứt
squid-chickpea--chorizo-salad,Seafood,Hải sản,Australian,Úc,"Squid, chickpea & chorizo salad",Salad Mực Đậu Gà Xúc Xích Chorizo
fiskesuppe-creamy-norwegian-fish-soup,Seafood,Hải sản,Norwegian,Na Uy,Fiskesuppe (Creamy Norwegian Fish Soup),Súp cá Nauy kem
seri-muka-kuih,Dessert,Món tráng miệng,Malaysian,Malaysia,Seri muka kuih,Bánh da lợn lá dứa
rogaliki-polish-croissant-cookies,Dessert,Món tráng miệng,Polish,Ba Lan,Rogaliki (Polish Croissant Cookies),Bánh sừng bò Rogaliki
padron-peppers,Vegan,Thuần chay,Spanish,Tây Ban Nha,Padron peppers,Ớt Padron
hot-and-sour-soup,Pork,Thịt heo,Chinese,Tiếng Trung,Hot and Sour Soup,Canh chua
churros,Dessert,Món tráng miệng,Spanish,Tây Ban Nha,Churros,Bánh Churros
french-omelette,Miscellaneous,Hỗn hợp,French,Pháp,French Omelette,Trứng tráng
ribollita,Vegetarian,Chay,Italian,Ý,Ribollita,Súp Ribollita kiểu Ý
knafeh,Dessert,Món tráng miệng,Saudi Arabian,Ả Rập Xê Út,Knafeh,Bánh pho mát sợi
polish-doughnuts-pączki,Dessert,Món tráng miệng,Polish,Ba Lan,Polish doughnuts (Pączki),Bánh rán Ba Lan
toad-in-the-hole,Pork,Thịt heo,British,Anh,Toad In The Hole,Lạp xưởng cuộn bánh pudding Yorkshire
panang-chicken-curry-kaeng-panang-gai,Chicken,Thịt gà,Thai,Thái,Panang chicken curry (kaeng panang gai),Cà Ri Gà
irish-stew,Beef,Thịt bò,Irish,Ai-len,Irish stew,Hầm kiểu Ailen
spaghetti-with-spanish-flavours,Pork,Thịt heo,Spanish,Tây Ban Nha,Spaghetti with Spanish flavours,Mỳ Ý vị Tây Ban Nha
spanish-fig--almond-balls,Dessert,Món tráng miệng,Spanish,Tây Ban Nha,Spanish fig & almond balls,Bánh tròn hạt hạnh nhân và sung Tây Ban Nha
egyptian-fatteh,Beef,Thịt bò,Egyptian,Ai cập,Egyptian Fatteh,Fatteh Ai Cập
beavertails,Dessert,Món tráng miệng,Canadian,Ca-na-đa,BeaverTails,Bánh Quai Vạc
mushroom--chestnut-rotolo,Vegetarian,Chay,British,Anh,Mushroom & Chestnut Rotolo,Rotolo Nấm Hạt Dẻ
chick-fil-a-sandwich,Chicken,Thịt gà,American,Mỹ,Chick-Fil-A Sandwich,Bánh Mì Kẹp Gà
steak-and-kidney-pie,Beef,Thịt bò,British,Anh,Steak and Kidney Pie,Bánh bò và thận
budino-di-ricotta,Dessert,Món tráng miệng,Italian,Ý,Budino Di Ricotta,Bánh Panna Cotta Pho Mát Ricotta
chilli-ginger-lamb-chops,Lamb,Thịt cừu,Turkish,Thổ Nhĩ Kỳ,Chilli ginger lamb chops,Sườn cừu cay gừng
pizza-express-margherita,Miscellaneous,Hỗn hợp,Italian,Ý,Pizza Express Margherita,Pizza Margherita
tamiya,Vegetarian,Chay,Egyptian,Ai cập,Tamiya,Cơm tấm
pouding-chomeur,Dessert,Món tráng miệng,Canadian,Ca-na-đa,Pouding chomeur,Bánh pudding lá phong
mbuzi-choma-roasted-goat,Goat,Dê,Kenyan,Kenya,Mbuzi Choma (Roasted Goat),Dê nướng
challah,Side,Món ăn kèm,Polish,Ba Lan,Challah,Bánh mì Challah
chocolate-gateau,Dessert,Món tráng miệng,French,Pháp,Chocolate Gateau,Bánh Gato Sôcôla
garides-saganaki,Seafood,Hải sản,Greek,Hy Lạp,Garides Saganaki,Tôm Nướng Phô Mai
three-fish-pie,Seafood,Hải sản,British,Anh,Three Fish Pie,Bánh Cá Ba Vị
lamb-rogan-josh,Lamb,Thịt cừu,Indian,Ấn Độ,Lamb Rogan josh,Cà ri cừu Rogan Josh
bryndzové-halušky,Pork,Thịt heo,Slovakian,Slovakia,Bryndzové Halušky,Bánh Khoai Tây Phô Mai Xông Khói
pork--sauerkraut-goulash,Pork,Thịt heo,Polish,Ba Lan,Pork & sauerkraut goulash,Goulash heo bắp cải chua
pate-chinois,Beef,Thịt bò,Canadian,Ca-na-đa,Pate Chinois,Bánh thịt cừu nghiền
jamaican-instant-pot-rice-and-beans,Vegetarian,Chay,Jamaican,Jamaica,Jamaican Instant Pot Rice and Beans,Cơm và Đậu kiểu Jamaica nấu Nồi áp suất
flapper-pie,Dessert,Món tráng miệng,Canadian,Ca-na-đa,Flapper Pie,Bánh Kem Trứng
sticky-chicken,Chicken,Thịt gà,Australian,Úc,Sticky Chicken,Gà Sốt Mật
split-pea-soup,Side,Món ăn kèm,Canadian,Ca-na-đa,Split Pea Soup,Súp Đậu Hà Lan
adana-kebab,Lamb,Thịt cừu,Turkish,Thổ Nhĩ Kỳ,Adana kebab,Kebab Adana
fårikål-norwegian-national-dish,Lamb,Thịt cừu,Norwegian,Na Uy,Fårikål (Norwegian National Dish),Cà ri cừu bắp cải
beef-stroganoff,Beef,Thịt bò,Russian,Nga,Beef stroganoff,Bò Stroganoff
smoked-haddock-kedgeree,Breakfast,Bữa sáng,Indian,Ấn Độ,Smoked Haddock Kedgeree,Cá tuyết hun khói Kedgeree
laksa-king-prawn-noodles,Seafood,Hải sản,Malaysian,Malaysia,Laksa King Prawn Noodles,Mì Tôm Laksa
potato-gratin-with-chicken,Chicken,Thịt gà,Italian,Ý,Potato Gratin with Chicken,Gà đút lò phô mai khoai tây
dulce-de-leche,Dessert,Món tráng miệng,Argentinian,Argentina,Dulce de Leche,Sữa đặc caramel
eton-mess,Dessert,Món tráng miệng,British,Anh,Eton Mess,Món tráng miệng Meringue Kem Trái Cây
jamaican-pepper-shrimp,Seafood,Hải sản,Jamaican,Jamaica,Jamaican Pepper Shrimp,Tôm Xào
mutabbaq,Miscellaneous,Hỗn hợp,Saudi Arabian,Ả Rập Xê Út,Mutabbaq,Bánh xèo thịt
