slug,force,level,mechanic,equipment,category
3_4_Sit-Up,pull,beginner,compound,body only,strength
90_90_Hamstring,push,beginner,,body only,stretching
Ab_Crunch_Machine,pull,intermediate,isolation,machine,strength
Ab_Roller,pull,intermediate,compound,other,strength
Adductor,static,intermediate,isolation,foam roll,stretching
Adductor_Groin,static,intermediate,,,stretching
Advanced_Kettlebell_Windmill,push,intermediate,isolation,kettlebells,strength
Air_Bike,pull,beginner,compound,body only,strength
All_Fours_Quad_Stretch,static,intermediate,,body only,stretching
Alternate_Hammer_Curl,pull,beginner,isolation,dumbbell,strength
Alternate_Heel_Touchers,pull,beginner,isolation,body only,strength
Alternate_Incline_Dumbbell_Curl,pull,beginner,isolation,dumbbell,strength
Alternate_Leg_Diagonal_Bound,push,beginner,compound,,plyometrics
Alternating_Cable_Shoulder_Press,push,beginner,compound,cable,strength
Alternating_Deltoid_Raise,push,beginner,isolation,dumbbell,strength
Alternating_Floor_Press,push,beginner,compound,kettlebells,strength
Alternating_Hang_Clean,pull,intermediate,compound,kettlebells,strength
Alternating_Kettlebell_Press,push,intermediate,compound,kettlebells,strength
Alternating_Kettlebell_Row,pull,intermediate,isolation,kettlebells,strength
Alternating_Renegade_Row,pull,expert,compound,kettlebells,strength
Ankle_Circles,pull,beginner,isolation,,stretching
Ankle_On_The_Knee,static,beginner,,,stretching
Anterior_Tibialis-SMR,static,intermediate,,other,stretching
Anti-Gravity_Press,push,beginner,compound,barbell,strength
Arm_Circles,push,beginner,isolation,,stretching
Arnold_Dumbbell_Press,push,intermediate,compound,dumbbell,strength
Around_The_Worlds,push,intermediate,compound,dumbbell,strength
Atlas_Stone_Trainer,pull,intermediate,compound,other,strongman
Atlas_Stones,pull,expert,compound,other,strongman
Axle_Deadlift,pull,intermediate,compound,other,strongman
Back_Flyes_-_With_Bands,pull,beginner,compound,bands,strength
Backward_Drag,pull,beginner,compound,other,strongman
Backward_Medicine_Ball_Throw,push,beginner,compound,medicine ball,plyometrics
Balance_Board,,beginner,compound,other,strength
Ball_Leg_Curl,pull,beginner,isolation,exercise ball,strength
Band_Assisted_Pull-Up,,beginner,compound,other,strength
Band_Good_Morning,pull,beginner,compound,bands,powerlifting
Band_Good_Morning_Pull_Through,pull,beginner,compound,bands,powerlifting
Band_Hip_Adductions,pull,beginner,isolation,bands,strength
Band_Pull_Apart,pull,beginner,isolation,bands,strength
Band_Skull_Crusher,push,beginner,isolation,bands,strength
Barbell_Ab_Rollout,pull,intermediate,compound,barbell,strength
Barbell_Ab_Rollout_-_On_Knees,pull,expert,compound,barbell,strength
Barbell_Bench_Press_-_Medium_Grip,push,beginner,compound,barbell,strength
Barbell_Curl,pull,beginner,isolation,barbell,strength
Barbell_Curls_Lying_Against_An_Incline,pull,beginner,isolation,barbell,strength
Barbell_Deadlift,pull,intermediate,compound,barbell,strength
Barbell_Full_Squat,push,intermediate,compound,barbell,strength
Barbell_Glute_Bridge,push,intermediate,compound,barbell,powerlifting
Barbell_Guillotine_Bench_Press,push,intermediate,compound,barbell,strength
Barbell_Hack_Squat,push,intermediate,compound,barbell,strength
Barbell_Hip_Thrust,push,intermediate,compound,barbell,powerlifting
Barbell_Incline_Bench_Press_-_Medium_Grip,push,beginner,compound,barbell,strength
Barbell_Incline_Shoulder_Raise,push,beginner,compound,barbell,strength
Barbell_Lunge,push,intermediate,compound,barbell,strength
Barbell_Rear_Delt_Row,pull,beginner,compound,barbell,strength
Barbell_Rollout_from_Bench,pull,intermediate,compound,barbell,strength
Barbell_Seated_Calf_Raise,push,beginner,isolation,barbell,strength
Barbell_Shoulder_Press,push,intermediate,compound,barbell,strength
Barbell_Shrug,pull,beginner,isolation,barbell,strength
Barbell_Shrug_Behind_The_Back,pull,beginner,isolation,barbell,strength
Barbell_Side_Bend,pull,beginner,isolation,barbell,strength
Barbell_Side_Split_Squat,push,beginner,compound,barbell,strength
Barbell_Squat,push,beginner,compound,barbell,strength
Barbell_Squat_To_A_Bench,push,expert,compound,barbell,strength
Barbell_Step_Ups,push,intermediate,compound,barbell,strength
Barbell_Walking_Lunge,push,beginner,compound,barbell,strength
Battling_Ropes,push,beginner,compound,other,strength
Bear_Crawl_Sled_Drags,push,beginner,compound,other,strongman
Behind_Head_Chest_Stretch,static,expert,isolation,other,stretching
Bench_Dips,push,beginner,compound,body only,strength
Bench_Jump,push,intermediate,compound,body only,plyometrics
Bench_Press_-_Powerlifting,push,intermediate,compound,barbell,powerlifting
Bench_Press_-_With_Bands,push,beginner,compound,bands,strength
Bench_Press_with_Chains,push,expert,compound,barbell,powerlifting
Bench_Sprint,push,beginner,compound,other,plyometrics
Bent-Arm_Barbell_Pullover,pull,intermediate,compound,barbell,strength
Bent-Arm_Dumbbell_Pullover,push,intermediate,compound,dumbbell,strength
Bent-Knee_Hip_Raise,pull,beginner,compound,body only,strength
Bent_Over_Barbell_Row,pull,beginner,compound,barbell,strength
Bent_Over_Dumbbell_Rear_Delt_Raise_With_Head_On_Bench,pull,beginner,isolation,dumbbell,strength
Bent_Over_Low-Pulley_Side_Lateral,pull,beginner,isolation,cable,strength
Bent_Over_One-Arm_Long_Bar_Row,pull,beginner,compound,barbell,strength
Bent_Over_Two-Arm_Long_Bar_Row,pull,intermediate,compound,barbell,strength
Bent_Over_Two-Dumbbell_Row,pull,beginner,compound,dumbbell,strength
Bent_Over_Two-Dumbbell_Row_With_Palms_In,pull,beginner,compound,dumbbell,strength
Bent_Press,pull,expert,compound,kettlebells,strength
Bicycling,,beginner,,other,cardio
Bicycling_Stationary,,beginner,,machine,cardio
Board_Press,push,intermediate,compound,barbell,powerlifting
Body-Up,push,intermediate,isolation,body only,strength
Body_Tricep_Press,push,beginner,isolation,body only,strength
Bodyweight_Flyes,push,intermediate,isolation,e-z curl bar,strength
Bodyweight_Mid_Row,pull,intermediate,compound,other,strength
Bodyweight_Squat,push,beginner,compound,body only,strength
Bodyweight_Walking_Lunge,push,beginner,compound,,strength
Bosu_Ball_Cable_Crunch_With_Side_Bends,pull,beginner,isolation,cable,strength
Bottoms-Up_Clean_From_The_Hang_Position,pull,intermediate,compound,kettlebells,strength
Bottoms_Up,pull,beginner,compound,body only,strength
Box_Jump_Multiple_Response,push,beginner,compound,other,plyometrics
Box_Skip,push,beginner,compound,other,plyometrics
Box_Squat,push,intermediate,compound,barbell,powerlifting
Box_Squat_with_Bands,push,expert,compound,barbell,powerlifting
Box_Squat_with_Chains,push,expert,compound,barbell,strength
Brachialis-SMR,static,intermediate,,foam roll,stretching
Bradford_Rocky_Presses,push,beginner,compound,barbell,strength
Butt-Ups,pull,beginner,compound,body only,strength
Butt_Lift_Bridge,push,beginner,isolation,body only,strength
Butterfly,pull,beginner,isolation,machine,strength
Cable_Chest_Press,push,beginner,compound,cable,strength
Cable_Crossover,push,beginner,isolation,cable,strength
Cable_Crunch,pull,beginner,isolation,cable,strength
Cable_Deadlifts,pull,beginner,compound,cable,strength
Cable_Hammer_Curls_-_Rope_Attachment,pull,beginner,isolation,cable,strength
Cable_Hip_Adduction,pull,beginner,isolation,cable,strength
Cable_Incline_Pushdown,pull,beginner,isolation,cable,strength
Cable_Incline_Triceps_Extension,push,beginner,isolation,cable,strength
Cable_Internal_Rotation,pull,beginner,compound,cable,strength
Cable_Iron_Cross,push,beginner,isolation,cable,strength
Cable_Judo_Flip,pull,beginner,compound,cable,strength
Cable_Lying_Triceps_Extension,push,beginner,isolation,cable,strength
Cable_One_Arm_Tricep_Extension,push,beginner,isolation,cable,strength
Cable_Preacher_Curl,pull,beginner,isolation,cable,strength
Cable_Rear_Delt_Fly,pull,beginner,isolation,cable,strength
Cable_Reverse_Crunch,pull,beginner,isolation,cable,strength
Cable_Rope_Overhead_Triceps_Extension,push,beginner,isolation,cable,strength
Cable_Rope_Rear-Delt_Rows,pull,beginner,compound,cable,strength
Cable_Russian_Twists,pull,beginner,compound,cable,strength
Cable_Seated_Crunch,pull,beginner,isolation,cable,strength
Cable_Seated_Lateral_Raise,pull,beginner,isolation,cable,strength
Cable_Shoulder_Press,push,beginner,compound,cable,strength
Cable_Shrugs,pull,beginner,isolation,cable,strength
Cable_Wrist_Curl,pull,beginner,isolation,cable,strength
Calf-Machine_Shoulder_Shrug,pull,beginner,isolation,machine,strength
Calf_Press,push,beginner,isolation,machine,strength
Calf_Press_On_The_Leg_Press_Machine,push,beginner,isolation,machine,strength
Calf_Raise_On_A_Dumbbell,push,intermediate,isolation,dumbbell,strength
Calf_Raises_-_With_Bands,push,beginner,isolation,bands,strength
Calf_Stretch_Elbows_Against_Wall,static,beginner,isolation,,stretching
Calf_Stretch_Hands_Against_Wall,static,beginner,isolation,,stretching
Calves-SMR,static,intermediate,,foam roll,stretching
Car_Deadlift,pull,intermediate,compound,other,strongman
Car_Drivers,push,beginner,isolation,barbell,strength
Carioca_Quick_Step,,beginner,,,plyometrics
Cat_Stretch,static,beginner,,,stretching
Catch_and_Overhead_Throw,push,beginner,compound,medicine ball,plyometrics
Chain_Handle_Extension,push,intermediate,isolation,other,powerlifting
Chain_Press,push,intermediate,compound,other,powerlifting
Chair_Leg_Extended_Stretch,static,beginner,isolation,other,stretching
Chair_Lower_Back_Stretch,static,beginner,isolation,,stretching
Chair_Squat,push,beginner,compound,machine,strength
Chair_Upper_Body_Stretch,static,beginner,,other,stretching
Chest_And_Front_Of_Shoulder_Stretch,static,beginner,isolation,other,stretching
Chest_Push_from_3_point_stance,push,beginner,compound,medicine ball,plyometrics
Chest_Push_multiple_response,push,beginner,compound,medicine ball,plyometrics
Chest_Push_single_response,push,beginner,compound,medicine ball,plyometrics
Chest_Push_with_Run_Release,push,beginner,compound,medicine ball,plyometrics
Chest_Stretch_on_Stability_Ball,static,beginner,isolation,exercise ball,stretching
Childs_Pose,static,beginner,,,stretching
Chin-Up,pull,beginner,compound,body only,strength
Chin_To_Chest_Stretch,static,beginner,,,stretching
Circus_Bell,push,expert,compound,other,strongman
Clean,pull,intermediate,compound,barbell,olympic weightlifting
Clean_Deadlift,pull,beginner,compound,barbell,olympic weightlifting
Clean_Pull,pull,intermediate,compound,barbell,olympic weightlifting
Clean_Shrug,pull,beginner,compound,barbell,olympic weightlifting
Clean_and_Jerk,push,expert,compound,barbell,olympic weightlifting
Clean_and_Press,push,intermediate,compound,barbell,strength
Clean_from_Blocks,pull,intermediate,compound,barbell,olympic weightlifting
Clock_Push-Up,push,intermediate,compound,body only,strength
Close-Grip_Barbell_Bench_Press,push,beginner,compound,barbell,strength
Close-Grip_Dumbbell_Press,push,beginner,compound,dumbbell,strength
Close-Grip_EZ-Bar_Curl_with_Band,pull,beginner,isolation,e-z curl bar,strength
Close-Grip_EZ-Bar_Press,push,beginner,compound,e-z curl bar,strength
Close-Grip_EZ_Bar_Curl,pull,beginner,isolation,barbell,strength
Close-Grip_Front_Lat_Pulldown,pull,beginner,compound,cable,strength
Close-Grip_Push-Up_off_of_a_Dumbbell,push,intermediate,compound,body only,strength
Close-Grip_Standing_Barbell_Curl,pull,beginner,isolation,barbell,strength
Cocoons,pull,beginner,compound,body only,strength
Conans_Wheel,,intermediate,compound,other,strongman
Concentration_Curls,pull,beginner,isolation,dumbbell,strength
Cross-Body_Crunch,pull,beginner,compound,body only,strength
Cross_Body_Hammer_Curl,pull,beginner,isolation,dumbbell,strength
Cross_Over_-_With_Bands,push,beginner,compound,bands,strength
Crossover_Reverse_Lunge,pull,intermediate,,,stretching
Crucifix,static,beginner,isolation,other,strongman
Crunch_-_Hands_Overhead,pull,beginner,isolation,body only,strength
Crunch_-_Legs_On_Exercise_Ball,pull,beginner,isolation,body only,strength
Crunches,pull,beginner,isolation,body only,strength
Cuban_Press,push,intermediate,compound,dumbbell,strength
Dancers_Stretch,static,beginner,,,stretching
Dead_Bug,pull,beginner,compound,body only,strength
Deadlift_with_Bands,pull,expert,compound,barbell,powerlifting
Deadlift_with_Chains,pull,expert,compound,barbell,powerlifting
Decline_Barbell_Bench_Press,push,beginner,compound,barbell,strength
Decline_Close-Grip_Bench_To_Skull_Crusher,push,intermediate,compound,barbell,strength
Decline_Crunch,pull,intermediate,isolation,body only,strength
Decline_Dumbbell_Bench_Press,push,beginner,compound,dumbbell,strength
Decline_Dumbbell_Flyes,push,beginner,compound,dumbbell,strength
Decline_Dumbbell_Triceps_Extension,push,beginner,isolation,dumbbell,strength
Decline_EZ_Bar_Triceps_Extension,push,beginner,isolation,barbell,strength
Decline_Oblique_Crunch,pull,beginner,compound,body only,strength
Decline_Push-Up,push,beginner,compound,,strength
Decline_Reverse_Crunch,pull,beginner,compound,body only,strength
Decline_Smith_Press,push,beginner,compound,machine,strength
Deficit_Deadlift,pull,intermediate,compound,barbell,powerlifting
Depth_Jump_Leap,push,beginner,compound,other,plyometrics
Dip_Machine,push,beginner,compound,machine,strength
Dips_-_Chest_Version,push,intermediate,compound,other,strength
Dips_-_Triceps_Version,push,beginner,compound,body only,strength
Donkey_Calf_Raises,push,intermediate,isolation,other,strength
Double_Kettlebell_Alternating_Hang_Clean,pull,intermediate,compound,kettlebells,strength
Double_Kettlebell_Jerk,push,intermediate,compound,kettlebells,strength
Double_Kettlebell_Push_Press,push,intermediate,compound,kettlebells,strength
Double_Kettlebell_Snatch,pull,expert,compound,kettlebells,strength
Double_Kettlebell_Windmill,pull,intermediate,,kettlebells,strength
Double_Leg_Butt_Kick,push,beginner,compound,body only,plyometrics
Downward_Facing_Balance,static,intermediate,isolation,exercise ball,strength
Drag_Curl,pull,intermediate,compound,barbell,strength
Drop_Push,push,intermediate,compound,other,plyometrics
Dumbbell_Alternate_Bicep_Curl,pull,beginner,isolation,dumbbell,strength
Dumbbell_Bench_Press,push,beginner,compound,dumbbell,strength
Dumbbell_Bench_Press_with_Neutral_Grip,push,beginner,compound,dumbbell,strength
Dumbbell_Bicep_Curl,pull,beginner,isolation,dumbbell,strength
Dumbbell_Clean,pull,intermediate,compound,dumbbell,strength
Dumbbell_Floor_Press,push,intermediate,compound,dumbbell,powerlifting
Dumbbell_Flyes,push,beginner,isolation,dumbbell,strength
Dumbbell_Incline_Row,pull,beginner,compound,dumbbell,strength
Dumbbell_Incline_Shoulder_Raise,push,beginner,isolation,dumbbell,strength
Dumbbell_Lunges,push,beginner,compound,dumbbell,strength
Dumbbell_Lying_One-Arm_Rear_Lateral_Raise,pull,intermediate,isolation,dumbbell,strength
Dumbbell_Lying_Pronation,pull,intermediate,isolation,dumbbell,strength
Dumbbell_Lying_Rear_Lateral_Raise,pull,intermediate,isolation,dumbbell,strength
Dumbbell_Lying_Supination,pull,intermediate,isolation,dumbbell,strength
Dumbbell_One-Arm_Shoulder_Press,push,intermediate,compound,dumbbell,strength
Dumbbell_One-Arm_Triceps_Extension,push,intermediate,isolation,dumbbell,strength
Dumbbell_One-Arm_Upright_Row,pull,intermediate,compound,dumbbell,strength
Dumbbell_Prone_Incline_Curl,pull,intermediate,isolation,dumbbell,strength
Dumbbell_Raise,pull,beginner,compound,dumbbell,strength
Dumbbell_Rear_Lunge,push,intermediate,compound,dumbbell,strength
Dumbbell_Scaption,push,beginner,isolation,dumbbell,strength
Dumbbell_Seated_Box_Jump,push,intermediate,compound,dumbbell,plyometrics
Dumbbell_Seated_One-Leg_Calf_Raise,push,beginner,isolation,dumbbell,strength
Dumbbell_Shoulder_Press,push,intermediate,compound,dumbbell,strength
Dumbbell_Shrug,pull,beginner,isolation,dumbbell,strength
Dumbbell_Side_Bend,pull,beginner,isolation,dumbbell,strength
Dumbbell_Squat,push,beginner,compound,dumbbell,strength
Dumbbell_Squat_To_A_Bench,push,intermediate,compound,dumbbell,strength
Dumbbell_Step_Ups,push,intermediate,compound,dumbbell,strength
Dumbbell_Tricep_Extension_-Pronated_Grip,push,beginner,isolation,dumbbell,strength
Dynamic_Back_Stretch,pull,beginner,,,stretching
Dynamic_Chest_Stretch,pull,beginner,,,stretching
EZ-Bar_Curl,pull,beginner,isolation,e-z curl bar,strength
EZ-Bar_Skullcrusher,push,beginner,isolation,e-z curl bar,strength
Elbow_Circles,pull,beginner,isolation,,stretching
Elbow_to_Knee,pull,beginner,compound,body only,strength
Elbows_Back,static,beginner,isolation,,stretching
Elevated_Back_Lunge,push,intermediate,compound,barbell,strength
Elevated_Cable_Rows,pull,intermediate,compound,cable,strength
Elliptical_Trainer,,intermediate,,machine,cardio
Exercise_Ball_Crunch,pull,beginner,isolation,exercise ball,strength
Exercise_Ball_Pull-In,pull,beginner,compound,exercise ball,strength
Extended_Range_One-Arm_Kettlebell_Floor_Press,push,beginner,compound,kettlebells,strength
External_Rotation,pull,beginner,isolation,dumbbell,strength
External_Rotation_with_Band,pull,beginner,compound,bands,strength
External_Rotation_with_Cable,pull,beginner,isolation,cable,strength
Face_Pull,pull,intermediate,compound,cable,strength
Farmers_Walk,,intermediate,compound,other,strongman
Fast_Skipping,push,beginner,compound,body only,plyometrics
Finger_Curls,pull,beginner,isolation,barbell,strength
Flat_Bench_Cable_Flyes,push,intermediate,isolation,cable,strength
Flat_Bench_Leg_Pull-In,pull,beginner,compound,body only,strength
Flat_Bench_Lying_Leg_Raise,pull,beginner,isolation,body only,strength
Flexor_Incline_Dumbbell_Curls,pull,beginner,isolation,dumbbell,strength
Floor_Glute-Ham_Raise,pull,intermediate,isolation,,strength
Floor_Press,push,intermediate,compound,barbell,powerlifting
Floor_Press_with_Chains,push,intermediate,compound,barbell,powerlifting
Flutter_Kicks,pull,beginner,compound,body only,strength
Foot-SMR,static,intermediate,,other,stretching
Forward_Drag_with_Press,push,intermediate,compound,other,strongman
Frankenstein_Squat,push,intermediate,compound,barbell,olympic weightlifting
Freehand_Jump_Squat,push,intermediate,compound,body only,strength
Frog_Hops,push,intermediate,compound,,stretching
Frog_Sit-Ups,pull,intermediate,isolation,body only,strength
Front_Barbell_Squat,push,expert,compound,barbell,strength
Front_Barbell_Squat_To_A_Bench,push,expert,compound,barbell,strength
Front_Box_Jump,push,beginner,compound,other,plyometrics
Front_Cable_Raise,push,beginner,isolation,cable,strength
Front_Cone_Hops_or_hurdle_hops,push,beginner,compound,other,plyometrics
Front_Dumbbell_Raise,push,beginner,isolation,dumbbell,strength
Front_Incline_Dumbbell_Raise,push,beginner,isolation,dumbbell,strength
Front_Leg_Raises,pull,beginner,,body only,stretching
Front_Plate_Raise,push,intermediate,isolation,other,strength
Front_Raise_And_Pullover,pull,beginner,compound,barbell,strength
Front_Squat_Clean_Grip,push,intermediate,compound,barbell,strength
Front_Squats_With_Two_Kettlebells,push,intermediate,compound,kettlebells,strength
Front_Two-Dumbbell_Raise,push,beginner,isolation,dumbbell,strength
Full_Range-Of-Motion_Lat_Pulldown,pull,intermediate,compound,cable,strength
Gironda_Sternum_Chins,pull,intermediate,compound,other,strength
Glute_Ham_Raise,pull,intermediate,compound,machine,powerlifting
Glute_Kickback,push,beginner,compound,body only,strength
Goblet_Squat,push,beginner,compound,kettlebells,strength
Good_Morning,push,intermediate,compound,barbell,powerlifting
Good_Morning_off_Pins,push,intermediate,compound,barbell,powerlifting
Gorilla_Chin_Crunch,pull,intermediate,compound,body only,strength
Groin_and_Back_Stretch,static,intermediate,compound,,stretching
Groiners,pull,intermediate,compound,body only,stretching
Hack_Squat,push,beginner,compound,machine,strength
Hammer_Curls,pull,beginner,isolation,dumbbell,strength
Hammer_Grip_Incline_DB_Bench_Press,push,beginner,compound,dumbbell,strength
Hamstring-SMR,static,beginner,isolation,foam roll,stretching
Hamstring_Stretch,static,beginner,isolation,,stretching
Handstand_Push-Ups,push,expert,compound,body only,strength
Hang_Clean,pull,intermediate,compound,barbell,olympic weightlifting
Hang_Clean_-_Below_the_Knees,pull,intermediate,compound,barbell,olympic weightlifting
Hang_Snatch,pull,expert,compound,barbell,olympic weightlifting
Hang_Snatch_-_Below_Knees,pull,expert,compound,barbell,olympic weightlifting
Hanging_Bar_Good_Morning,push,intermediate,compound,barbell,powerlifting
Hanging_Leg_Raise,pull,expert,isolation,body only,strength
Hanging_Pike,pull,expert,compound,body only,strength
Heaving_Snatch_Balance,push,intermediate,compound,barbell,olympic weightlifting
Heavy_Bag_Thrust,push,beginner,compound,other,plyometrics
High_Cable_Curls,pull,intermediate,compound,cable,strength
Hip_Circles_prone,pull,beginner,isolation,body only,stretching
Hip_Extension_with_Bands,push,beginner,compound,bands,strength
Hip_Flexion_with_Band,pull,beginner,compound,bands,strength
Hip_Lift_with_Band,push,beginner,compound,bands,powerlifting
Hug_A_Ball,static,beginner,isolation,exercise ball,stretching
Hug_Knees_To_Chest,static,beginner,,,stretching
Hurdle_Hops,push,beginner,compound,other,plyometrics
Hyperextensions_Back_Extensions,pull,beginner,isolation,other,strength
Hyperextensions_With_No_Hyperextension_Bench,pull,intermediate,compound,body only,strength
IT_Band_and_Glute_Stretch,static,intermediate,,other,stretching
Iliotibial_Tract-SMR,static,intermediate,isolation,foam roll,stretching
Inchworm,,beginner,compound,body only,stretching
Incline_Barbell_Triceps_Extension,push,intermediate,isolation,barbell,strength
Incline_Bench_Pull,pull,beginner,isolation,barbell,strength
Incline_Cable_Chest_Press,push,beginner,compound,cable,strength
Incline_Cable_Flye,push,intermediate,isolation,cable,strength
Incline_Dumbbell_Bench_With_Palms_Facing_In,push,beginner,compound,dumbbell,strength
Incline_Dumbbell_Curl,pull,beginner,isolation,dumbbell,strength
Incline_Dumbbell_Flyes,push,beginner,compound,dumbbell,strength
Incline_Dumbbell_Flyes_-_With_A_Twist,push,beginner,compound,dumbbell,strength
Incline_Dumbbell_Press,push,beginner,compound,dumbbell,strength
Incline_Hammer_Curls,pull,beginner,isolation,dumbbell,strength
Incline_Inner_Biceps_Curl,,beginner,isolation,dumbbell,strength
Incline_Push-Up,push,beginner,compound,body only,strength
Incline_Push-Up_Close-Grip,push,beginner,compound,body only,strength
Incline_Push-Up_Depth_Jump,push,beginner,compound,other,plyometrics
Incline_Push-Up_Medium,push,beginner,compound,body only,strength
Incline_Push-Up_Reverse_Grip,push,beginner,compound,body only,strength
Incline_Push-Up_Wide,push,beginner,compound,body only,strength
Intermediate_Groin_Stretch,static,intermediate,isolation,other,stretching
Intermediate_Hip_Flexor_and_Quad_Stretch,static,intermediate,compound,other,stretching
Internal_Rotation_with_Band,,beginner,isolation,bands,strength
Inverted_Row,pull,beginner,compound,,strength
Inverted_Row_with_Straps,pull,beginner,compound,other,strength
Iron_Cross,push,intermediate,compound,dumbbell,strength
Iron_Crosses_stretch,pull,intermediate,compound,,stretching
Isometric_Chest_Squeezes,static,beginner,compound,body only,plyometrics
Isometric_Neck_Exercise_-_Front_And_Back,static,beginner,isolation,body only,strength
Isometric_Neck_Exercise_-_Sides,static,beginner,isolation,body only,strength
Isometric_Wipers,push,beginner,compound,body only,strength
JM_Press,push,beginner,compound,barbell,strength
Jackknife_Sit-Up,pull,beginner,compound,body only,strength
Janda_Sit-Up,pull,beginner,isolation,body only,strength
Jefferson_Squats,push,intermediate,compound,barbell,strength
Jerk_Balance,push,intermediate,compound,barbell,olympic weightlifting
Jerk_Dip_Squat,push,intermediate,compound,barbell,olympic weightlifting
Jogging_Treadmill,,beginner,,machine,cardio
Keg_Load,pull,intermediate,compound,other,strongman
Kettlebell_Arnold_Press,push,intermediate,compound,kettlebells,strength
Kettlebell_Dead_Clean,pull,intermediate,compound,kettlebells,strength
Kettlebell_Figure_8,pull,intermediate,,kettlebells,strength
Kettlebell_Hang_Clean,pull,intermediate,compound,kettlebells,strength
Kettlebell_One-Legged_Deadlift,pull,intermediate,compound,kettlebells,strength
Kettlebell_Pass_Between_The_Legs,pull,intermediate,compound,kettlebells,strength
Kettlebell_Pirate_Ships,push,beginner,compound,kettlebells,strength
Kettlebell_Pistol_Squat,push,expert,compound,kettlebells,strength
Kettlebell_Seated_Press,push,intermediate,compound,kettlebells,strength
Kettlebell_Seesaw_Press,push,intermediate,compound,kettlebells,strength
Kettlebell_Sumo_High_Pull,pull,intermediate,compound,kettlebells,strength
Kettlebell_Thruster,push,intermediate,compound,kettlebells,strength
Kettlebell_Turkish_Get-Up_Lunge_style,push,intermediate,compound,kettlebells,strength
Kettlebell_Turkish_Get-Up_Squat_style,push,intermediate,compound,kettlebells,strength
Kettlebell_Windmill,pull,intermediate,compound,kettlebells,strength
Kipping_Muscle_Up,pull,intermediate,compound,other,strength
Knee_Across_The_Body,static,beginner,,,stretching
Knee_Circles,pull,beginner,compound,body only,stretching
Knee_Hip_Raise_On_Parallel_Bars,pull,beginner,isolation,other,strength
Knee_Tuck_Jump,push,beginner,compound,body only,plyometrics
Kneeling_Arm_Drill,pull,beginner,,,plyometrics
Kneeling_Cable_Crunch_With_Alternating_Oblique_Twists,pull,beginner,isolation,cable,strength
Kneeling_Cable_Triceps_Extension,push,intermediate,isolation,cable,strength
Kneeling_Forearm_Stretch,static,beginner,isolation,,stretching
Kneeling_High_Pulley_Row,pull,beginner,compound,cable,strength
Kneeling_Hip_Flexor,static,beginner,isolation,,stretching
Kneeling_Jump_Squat,push,expert,compound,barbell,olympic weightlifting
Kneeling_Single-Arm_High_Pulley_Row,pull,beginner,compound,cable,strength
Kneeling_Squat,push,intermediate,compound,barbell,powerlifting
Landmine_180s,pull,beginner,compound,barbell,strength
Landmine_Linear_Jammer,push,intermediate,compound,barbell,strength
Lateral_Bound,push,beginner,compound,body only,plyometrics
Lateral_Box_Jump,push,beginner,compound,other,plyometrics
Lateral_Cone_Hops,push,beginner,compound,other,plyometrics
Lateral_Raise_-_With_Bands,push,beginner,isolation,bands,strength
Latissimus_Dorsi-SMR,static,beginner,isolation,foam roll,stretching
Leg-Over_Floor_Press,push,intermediate,compound,kettlebells,strength
Leg-Up_Hamstring_Stretch,push,beginner,isolation,,stretching
Leg_Extensions,push,beginner,isolation,machine,strength
Leg_Lift,push,beginner,isolation,body only,strength
Leg_Press,push,beginner,compound,machine,strength
Leg_Pull-In,pull,beginner,compound,body only,strength
Leverage_Chest_Press,push,beginner,compound,machine,strength
Leverage_Deadlift,pull,beginner,compound,machine,strength
Leverage_Decline_Chest_Press,push,beginner,compound,machine,strength
Leverage_High_Row,pull,beginner,compound,machine,strength
Leverage_Incline_Chest_Press,push,beginner,compound,machine,strength
Leverage_Iso_Row,pull,beginner,compound,machine,strength
Leverage_Shoulder_Press,push,beginner,compound,machine,strength
Leverage_Shrug,pull,beginner,isolation,machine,strength
Linear_3-Part_Start_Technique,push,beginner,compound,,plyometrics
Linear_Acceleration_Wall_Drill,,beginner,compound,,plyometrics
Linear_Depth_Jump,push,intermediate,compound,other,plyometrics
Log_Lift,push,intermediate,compound,other,strongman
London_Bridges,pull,intermediate,compound,other,strength
Looking_At_Ceiling,static,beginner,isolation,,stretching
Low_Cable_Crossover,push,beginner,isolation,cable,strength
Low_Cable_Triceps_Extension,push,beginner,isolation,cable,strength
Low_Pulley_Row_To_Neck,pull,beginner,compound,cable,strength
Lower_Back-SMR,static,beginner,,foam roll,stretching
Lower_Back_Curl,static,beginner,,body only,stretching
Lunge_Pass_Through,push,intermediate,compound,kettlebells,strength
Lunge_Sprint,push,intermediate,compound,machine,strength
Lying_Bent_Leg_Groin,static,expert,,other,stretching
Lying_Cable_Curl,pull,intermediate,isolation,cable,strength
Lying_Cambered_Barbell_Row,pull,beginner,isolation,barbell,strength
Lying_Close-Grip_Bar_Curl_On_High_Pulley,pull,beginner,isolation,cable,strength
Lying_Close-Grip_Barbell_Triceps_Extension_Behind_The_Head,push,intermediate,isolation,barbell,strength
Lying_Close-Grip_Barbell_Triceps_Press_To_Chin,push,intermediate,isolation,e-z curl bar,strength
Lying_Crossover,static,expert,,body only,stretching
Lying_Dumbbell_Tricep_Extension,push,intermediate,isolation,dumbbell,strength
Lying_Face_Down_Plate_Neck_Resistance,pull,intermediate,isolation,other,strength
Lying_Face_Up_Plate_Neck_Resistance,pull,intermediate,isolation,other,strength
Lying_Glute,static,expert,,body only,stretching
Lying_Hamstring,static,expert,,other,stretching
Lying_High_Bench_Barbell_Curl,pull,intermediate,isolation,barbell,strength
Lying_Leg_Curls,pull,beginner,isolation,machine,strength
Lying_Machine_Squat,push,intermediate,compound,machine,strength
Lying_One-Arm_Lateral_Raise,pull,intermediate,isolation,dumbbell,strength
Lying_Prone_Quadriceps,,expert,,body only,stretching
Lying_Rear_Delt_Raise,pull,intermediate,isolation,dumbbell,strength
Lying_Supine_Dumbbell_Curl,pull,beginner,isolation,dumbbell,strength
Lying_T-Bar_Row,pull,intermediate,compound,machine,strength
Lying_Triceps_Press,push,intermediate,isolation,e-z curl bar,strength
Machine_Bench_Press,push,beginner,compound,machine,strength
Machine_Bicep_Curl,pull,beginner,isolation,machine,strength
Machine_Preacher_Curls,pull,beginner,isolation,machine,strength
Machine_Shoulder_Military_Press,push,beginner,compound,machine,strength
Machine_Triceps_Extension,push,beginner,isolation,machine,strength
Medicine_Ball_Chest_Pass,push,beginner,compound,medicine ball,plyometrics
Medicine_Ball_Full_Twist,pull,beginner,compound,medicine ball,plyometrics
Medicine_Ball_Scoop_Throw,push,beginner,compound,medicine ball,plyometrics
Middle_Back_Shrug,pull,intermediate,isolation,dumbbell,strength
Middle_Back_Stretch,static,beginner,isolation,,stretching
Mixed_Grip_Chin,pull,expert,compound,other,strength
Monster_Walk,pull,beginner,compound,bands,strength
Mountain_Climbers,pull,beginner,compound,,plyometrics
Moving_Claw_Series,,beginner,compound,,plyometrics
Muscle_Snatch,pull,intermediate,compound,barbell,olympic weightlifting
Muscle_Up,pull,intermediate,compound,other,strength
Narrow_Stance_Hack_Squats,push,intermediate,compound,machine,strength
Narrow_Stance_Leg_Press,push,intermediate,compound,machine,strength
Narrow_Stance_Squats,push,intermediate,compound,barbell,strength
Natural_Glute_Ham_Raise,pull,intermediate,compound,body only,strength
Neck-SMR,static,intermediate,,other,stretching
Neck_Press,push,intermediate,compound,barbell,strength
Oblique_Crunches,pull,beginner,isolation,body only,strength
Oblique_Crunches_-_On_The_Floor,pull,beginner,isolation,body only,strength
Olympic_Squat,push,intermediate,compound,barbell,olympic weightlifting
On-Your-Back_Quad_Stretch,static,beginner,isolation,other,stretching
On_Your_Side_Quad_Stretch,static,beginner,isolation,,stretching
One-Arm_Dumbbell_Row,pull,beginner,compound,dumbbell,strength
One-Arm_Flat_Bench_Dumbbell_Flye,push,beginner,isolation,dumbbell,strength
One-Arm_High-Pulley_Cable_Side_Bends,pull,beginner,isolation,cable,strength
One-Arm_Incline_Lateral_Raise,push,beginner,isolation,dumbbell,strength
One-Arm_Kettlebell_Clean,pull,intermediate,compound,kettlebells,strength
One-Arm_Kettlebell_Clean_and_Jerk,push,intermediate,compound,kettlebells,strength
One-Arm_Kettlebell_Floor_Press,push,intermediate,compound,kettlebells,strength
One-Arm_Kettlebell_Jerk,push,intermediate,compound,kettlebells,strength
One-Arm_Kettlebell_Military_Press_To_The_Side,push,intermediate,compound,kettlebells,strength
One-Arm_Kettlebell_Para_Press,push,intermediate,compound,kettlebells,strength
One-Arm_Kettlebell_Push_Press,push,intermediate,compound,kettlebells,strength
One-Arm_Kettlebell_Row,pull,intermediate,compound,kettlebells,strength
One-Arm_Kettlebell_Snatch,pull,expert,compound,kettlebells,strength
One-Arm_Kettlebell_Split_Jerk,push,intermediate,compound,kettlebells,strength
One-Arm_Kettlebell_Split_Snatch,pull,expert,compound,kettlebells,strength
One-Arm_Kettlebell_Swings,pull,intermediate,compound,kettlebells,strength
One-Arm_Long_Bar_Row,pull,beginner,compound,barbell,strength
One-Arm_Medicine_Ball_Slam,pull,beginner,compound,medicine ball,strength
One-Arm_Open_Palm_Kettlebell_Clean,pull,intermediate,compound,kettlebells,strength
One-Arm_Overhead_Kettlebell_Squats,push,expert,compound,kettlebells,strength
One-Arm_Side_Deadlift,pull,expert,compound,barbell,strength
One-Arm_Side_Laterals,push,beginner,isolation,dumbbell,strength
One-Legged_Cable_Kickback,push,intermediate,isolation,cable,strength
One_Arm_Against_Wall,static,beginner,isolation,,stretching
One_Arm_Chin-Up,pull,expert,compound,other,strength
One_Arm_Dumbbell_Bench_Press,push,beginner,compound,dumbbell,strength
One_Arm_Dumbbell_Preacher_Curl,pull,beginner,isolation,dumbbell,strength
One_Arm_Floor_Press,push,intermediate,compound,barbell,strength
One_Arm_Lat_Pulldown,pull,beginner,compound,cable,strength
One_Arm_Pronated_Dumbbell_Triceps_Extension,push,beginner,isolation,dumbbell,strength
One_Arm_Supinated_Dumbbell_Triceps_Extension,push,beginner,isolation,dumbbell,strength
One_Half_Locust,static,beginner,,,stretching
One_Handed_Hang,static,beginner,,other,stretching
One_Knee_To_Chest,static,beginner,compound,,stretching
One_Leg_Barbell_Squat,push,expert,compound,barbell,strength
Open_Palm_Kettlebell_Clean,pull,expert,compound,kettlebells,strength
Otis-Up,pull,beginner,compound,other,strength
Overhead_Cable_Curl,pull,intermediate,isolation,cable,strength
Overhead_Lat,static,expert,,other,stretching
Overhead_Slam,pull,beginner,compound,medicine ball,plyometrics
Overhead_Squat,push,expert,compound,barbell,olympic weightlifting
Overhead_Stretch,static,beginner,compound,,stretching
Overhead_Triceps,static,expert,,body only,stretching
Pallof_Press,pull,beginner,isolation,cable,strength
Pallof_Press_With_Rotation,pull,beginner,compound,cable,strength
Palms-Down_Dumbbell_Wrist_Curl_Over_A_Bench,pull,beginner,isolation,dumbbell,strength
Palms-Down_Wrist_Curl_Over_A_Bench,pull,beginner,isolation,barbell,strength
Palms-Up_Barbell_Wrist_Curl_Over_A_Bench,pull,beginner,isolation,barbell,strength
Palms-Up_Dumbbell_Wrist_Curl_Over_A_Bench,pull,beginner,isolation,dumbbell,strength
Parallel_Bar_Dip,push,beginner,compound,other,strength
Pelvic_Tilt_Into_Bridge,static,intermediate,compound,,stretching
Peroneals-SMR,static,intermediate,,foam roll,stretching
Peroneals_Stretch,static,intermediate,,other,stretching
Physioball_Hip_Bridge,push,beginner,compound,exercise ball,strength
Pin_Presses,push,intermediate,compound,barbell,powerlifting
Piriformis-SMR,static,intermediate,isolation,foam roll,stretching
Plank,static,beginner,isolation,body only,strength
Plate_Pinch,static,intermediate,isolation,other,strength
Plate_Twist,pull,intermediate,compound,other,strength
Platform_Hamstring_Slides,pull,beginner,isolation,other,strength
Plie_Dumbbell_Squat,push,beginner,compound,dumbbell,strength
Plyo_Kettlebell_Pushups,push,expert,compound,kettlebells,strength
Plyo_Push-up,push,beginner,compound,body only,plyometrics
Posterior_Tibialis_Stretch,static,intermediate,,other,stretching
Power_Clean,pull,intermediate,compound,barbell,strength
Power_Clean_from_Blocks,pull,intermediate,compound,barbell,olympic weightlifting
Power_Jerk,push,expert,compound,barbell,olympic weightlifting
Power_Partials,push,beginner,isolation,dumbbell,strength
Power_Snatch,pull,expert,compound,barbell,olympic weightlifting
Power_Snatch_from_Blocks,pull,intermediate,compound,barbell,olympic weightlifting
Power_Stairs,pull,intermediate,compound,other,strongman
Preacher_Curl,pull,beginner,isolation,barbell,strength
Preacher_Hammer_Dumbbell_Curl,pull,beginner,isolation,dumbbell,strength
Press_Sit-Up,push,expert,compound,barbell,strength
Prone_Manual_Hamstring,static,beginner,isolation,,strength
Prowler_Sprint,push,beginner,compound,other,cardio
Pull_Through,pull,beginner,compound,cable,strength
Pullups,pull,beginner,compound,body only,strength
Push-Up_Wide,,beginner,compound,body only,strength
Push-Ups_-_Close_Triceps_Position,push,intermediate,compound,body only,strength
Push-Ups_With_Feet_Elevated,push,beginner,compound,body only,strength
Push-Ups_With_Feet_On_An_Exercise_Ball,push,intermediate,compound,exercise ball,strength
Push_Press,push,expert,compound,barbell,olympic weightlifting
Push_Press_-_Behind_the_Neck,push,intermediate,compound,barbell,olympic weightlifting
Push_Up_to_Side_Plank,push,beginner,compound,body only,strength
Pushups,push,beginner,compound,body only,strength
Pushups_Close_and_Wide_Hand_Positions,push,beginner,compound,body only,strength
Pyramid,static,beginner,,exercise ball,stretching
Quad_Stretch,static,intermediate,,other,stretching
Quadriceps-SMR,static,intermediate,isolation,foam roll,stretching
Quick_Leap,push,beginner,compound,other,plyometrics
Rack_Delivery,pull,intermediate,compound,barbell,olympic weightlifting
Rack_Pull_with_Bands,pull,intermediate,compound,barbell,powerlifting
Rack_Pulls,pull,intermediate,compound,barbell,powerlifting
Rear_Leg_Raises,push,beginner,,body only,stretching
Recumbent_Bike,,beginner,,machine,cardio
Return_Push_from_Stance,push,beginner,compound,medicine ball,plyometrics
Reverse_Band_Bench_Press,push,intermediate,compound,barbell,powerlifting
Reverse_Band_Box_Squat,push,intermediate,compound,barbell,powerlifting
Reverse_Band_Deadlift,pull,expert,compound,barbell,powerlifting
Reverse_Band_Power_Squat,push,expert,compound,barbell,powerlifting
Reverse_Band_Sumo_Deadlift,pull,expert,compound,barbell,powerlifting
Reverse_Barbell_Curl,pull,beginner,isolation,barbell,strength
Reverse_Barbell_Preacher_Curls,pull,intermediate,isolation,e-z curl bar,strength
Reverse_Cable_Curl,pull,beginner,isolation,cable,strength
Reverse_Crunch,pull,beginner,isolation,body only,strength
Reverse_Flyes,pull,beginner,isolation,dumbbell,strength
Reverse_Flyes_With_External_Rotation,pull,intermediate,isolation,dumbbell,strength
Reverse_Grip_Bent-Over_Rows,pull,intermediate,compound,barbell,strength
Reverse_Grip_Triceps_Pushdown,push,beginner,isolation,cable,strength
Reverse_Hyperextension,pull,intermediate,,machine,strength
Reverse_Machine_Flyes,pull,beginner,isolation,machine,strength
Reverse_Plate_Curls,pull,beginner,isolation,other,strength
Reverse_Triceps_Bench_Press,push,intermediate,compound,barbell,strength
Rhomboids-SMR,static,intermediate,,foam roll,stretching
Rickshaw_Carry,,intermediate,compound,other,strongman
Rickshaw_Deadlift,pull,intermediate,compound,other,strongman
Ring_Dips,push,intermediate,compound,other,strength
Rocket_Jump,push,beginner,compound,body only,plyometrics
Rocking_Standing_Calf_Raise,push,beginner,isolation,barbell,strength
Rocky_Pull-Ups_Pulldowns,pull,intermediate,compound,other,strength
Romanian_Deadlift,pull,intermediate,compound,barbell,strength
Romanian_Deadlift_from_Deficit,pull,intermediate,compound,barbell,olympic weightlifting
Rope_Climb,pull,intermediate,compound,other,strength
Rope_Crunch,pull,beginner,isolation,cable,strength
Rope_Jumping,,intermediate,,other,cardio
Rope_Straight-Arm_Pulldown,pull,beginner,isolation,cable,strength
Round_The_World_Shoulder_Stretch,static,beginner,,other,stretching
Rowing_Stationary,,intermediate,,machine,cardio
Runners_Stretch,static,beginner,,,stretching
Running_Treadmill,,beginner,,machine,cardio
Russian_Twist,pull,intermediate,compound,body only,strength
Sandbag_Load,pull,beginner,compound,other,strongman
Scapular_Pull-Up,pull,beginner,isolation,,strength
Scissor_Kick,pull,beginner,isolation,body only,stretching
Scissors_Jump,push,beginner,compound,body only,plyometrics
Seated_Band_Hamstring_Curl,pull,beginner,isolation,other,strength
Seated_Barbell_Military_Press,push,intermediate,compound,barbell,strength
Seated_Barbell_Twist,pull,beginner,isolation,barbell,strength
Seated_Bent-Over_One-Arm_Dumbbell_Triceps_Extension,push,beginner,isolation,dumbbell,strength
Seated_Bent-Over_Rear_Delt_Raise,pull,intermediate,isolation,dumbbell,strength
Seated_Bent-Over_Two-Arm_Dumbbell_Triceps_Extension,push,intermediate,isolation,dumbbell,strength
Seated_Biceps,static,expert,isolation,body only,stretching
Seated_Cable_Rows,pull,beginner,compound,cable,strength
Seated_Cable_Shoulder_Press,push,beginner,compound,cable,strength
Seated_Calf_Raise,push,beginner,isolation,machine,strength
Seated_Calf_Stretch,static,beginner,,,stretching
Seated_Close-Grip_Concentration_Barbell_Curl,pull,intermediate,isolation,barbell,strength
Seated_Dumbbell_Curl,pull,beginner,isolation,dumbbell,strength
Seated_Dumbbell_Inner_Biceps_Curl,pull,beginner,isolation,dumbbell,strength
Seated_Dumbbell_Palms-Down_Wrist_Curl,pull,beginner,isolation,dumbbell,strength
Seated_Dumbbell_Palms-Up_Wrist_Curl,pull,beginner,isolation,dumbbell,strength
Seated_Dumbbell_Press,push,beginner,compound,dumbbell,strength
Seated_Flat_Bench_Leg_Pull-In,pull,beginner,compound,body only,strength
Seated_Floor_Hamstring_Stretch,static,beginner,,,stretching
Seated_Front_Deltoid,static,expert,,body only,stretching
Seated_Glute,static,expert,,body only,stretching
Seated_Good_Mornings,pull,intermediate,compound,barbell,powerlifting
Seated_Hamstring,static,expert,,,stretching
Seated_Hamstring_and_Calf_Stretch,static,intermediate,,other,stretching
Seated_Head_Harness_Neck_Resistance,pull,intermediate,isolation,other,strength
Seated_Leg_Curl,pull,beginner,isolation,machine,strength
Seated_Leg_Tucks,pull,beginner,isolation,body only,strength
Seated_One-Arm_Dumbbell_Palms-Down_Wrist_Curl,pull,intermediate,isolation,dumbbell,strength
Seated_One-Arm_Dumbbell_Palms-Up_Wrist_Curl,pull,beginner,isolation,dumbbell,strength
Seated_One-arm_Cable_Pulley_Rows,pull,intermediate,compound,cable,strength
Seated_Overhead_Stretch,static,beginner,isolation,,stretching
Seated_Palm-Up_Barbell_Wrist_Curl,pull,beginner,isolation,barbell,strength
Seated_Palms-Down_Barbell_Wrist_Curl,pull,beginner,isolation,barbell,strength
Seated_Side_Lateral_Raise,push,beginner,isolation,dumbbell,strength
Seated_Triceps_Press,push,beginner,isolation,dumbbell,strength
Seated_Two-Arm_Palms-Up_Low-Pulley_Wrist_Curl,pull,beginner,isolation,cable,strength
See-Saw_Press_Alternating_Side_Press,push,intermediate,compound,dumbbell,strength
Shotgun_Row,pull,beginner,compound,cable,strength
Shoulder_Circles,pull,beginner,,,stretching
Shoulder_Press_-_With_Bands,push,beginner,compound,bands,strength
Shoulder_Raise,pull,beginner,,,stretching
Shoulder_Stretch,pull,beginner,,,stretching
Side-Lying_Floor_Stretch,static,beginner,,,stretching
Side_Bridge,static,beginner,,body only,strength
Side_Hop-Sprint,push,beginner,compound,other,plyometrics
Side_Jackknife,pull,beginner,compound,body only,strength
Side_Lateral_Raise,push,beginner,isolation,dumbbell,strength
Side_Laterals_to_Front_Raise,push,beginner,isolation,dumbbell,strength
Side_Leg_Raises,pull,beginner,,body only,stretching
Side_Lying_Groin_Stretch,static,beginner,isolation,,stretching
Side_Neck_Stretch,static,beginner,isolation,,stretching
Side_Standing_Long_Jump,push,beginner,compound,,plyometrics
Side_To_Side_Chins,pull,intermediate,compound,other,strength
Side_Wrist_Pull,static,beginner,isolation,,stretching
Side_to_Side_Box_Shuffle,push,beginner,compound,other,plyometrics
Single-Arm_Cable_Crossover,push,beginner,isolation,cable,strength
Single-Arm_Linear_Jammer,push,intermediate,compound,barbell,strength
Single-Arm_Push-Up,push,intermediate,compound,body only,strength
Single-Cone_Sprint_Drill,push,beginner,,other,plyometrics
Single-Leg_High_Box_Squat,push,beginner,compound,other,strength
Single-Leg_Hop_Progression,push,beginner,compound,other,plyometrics
Single-Leg_Lateral_Hop,push,beginner,compound,other,plyometrics
Single-Leg_Leg_Extension,push,beginner,isolation,machine,strength
Single-Leg_Stride_Jump,push,beginner,compound,other,plyometrics
Single_Dumbbell_Raise,,beginner,isolation,dumbbell,strength
Single_Leg_Butt_Kick,push,beginner,compound,body only,plyometrics
Single_Leg_Glute_Bridge,push,beginner,isolation,body only,strength
Single_Leg_Push-off,push,beginner,compound,other,plyometrics
Sit-Up,pull,beginner,isolation,body only,strength
Sit_Squats,push,beginner,,,stretching
Skating,,intermediate,,other,cardio
Sled_Drag_-_Harness,push,beginner,compound,other,strongman
Sled_Overhead_Backward_Walk,pull,beginner,compound,other,strength
Sled_Overhead_Triceps_Extension,push,beginner,isolation,other,strength
Sled_Push,push,beginner,compound,other,strongman
Sled_Reverse_Flye,pull,beginner,isolation,other,strength
Sled_Row,pull,beginner,compound,other,strength
Sledgehammer_Swings,pull,beginner,compound,other,plyometrics
Smith_Incline_Shoulder_Raise,push,beginner,isolation,barbell,strength
Smith_Machine_Behind_the_Back_Shrug,pull,beginner,isolation,machine,strength
Smith_Machine_Bench_Press,push,beginner,compound,machine,strength
Smith_Machine_Bent_Over_Row,pull,beginner,compound,machine,strength
Smith_Machine_Calf_Raise,push,beginner,isolation,machine,strength
Smith_Machine_Close-Grip_Bench_Press,push,beginner,compound,machine,strength
Smith_Machine_Decline_Press,,beginner,compound,machine,strength
Smith_Machine_Hang_Power_Clean,pull,intermediate,compound,machine,strength
Smith_Machine_Hip_Raise,pull,beginner,isolation,machine,strength
Smith_Machine_Incline_Bench_Press,push,beginner,compound,machine,strength
Smith_Machine_Leg_Press,push,intermediate,compound,machine,strength
Smith_Machine_One-Arm_Upright_Row,pull,beginner,compound,machine,strength
Smith_Machine_Overhead_Shoulder_Press,push,beginner,compound,machine,strength
Smith_Machine_Pistol_Squat,push,intermediate,compound,machine,strength
Smith_Machine_Reverse_Calf_Raises,push,beginner,isolation,machine,strength
Smith_Machine_Squat,push,beginner,compound,machine,strength
Smith_Machine_Stiff-Legged_Deadlift,pull,beginner,compound,machine,strength
Smith_Machine_Upright_Row,pull,beginner,compound,machine,strength
Smith_Single-Leg_Split_Squat,push,beginner,compound,machine,strength
Snatch,pull,intermediate,compound,barbell,olympic weightlifting
Snatch_Balance,push,intermediate,compound,barbell,olympic weightlifting
Snatch_Deadlift,pull,intermediate,compound,barbell,olympic weightlifting
Snatch_Pull,pull,intermediate,compound,barbell,strength
Snatch_Shrug,pull,intermediate,compound,barbell,olympic weightlifting
Snatch_from_Blocks,pull,expert,compound,barbell,olympic weightlifting
Speed_Band_Overhead_Triceps,push,beginner,isolation,bands,strength
Speed_Box_Squat,push,intermediate,compound,barbell,powerlifting
Speed_Squats,push,expert,compound,barbell,strength
Spell_Caster,pull,beginner,compound,dumbbell,strength
Spider_Crawl,pull,beginner,compound,body only,strength
Spider_Curl,pull,beginner,isolation,e-z curl bar,strength
Spinal_Stretch,static,beginner,isolation,,stretching
Split_Clean,pull,intermediate,compound,barbell,olympic weightlifting
Split_Jerk,push,intermediate,compound,barbell,olympic weightlifting
Split_Jump,push,beginner,compound,body only,plyometrics
Split_Snatch,pull,expert,compound,barbell,olympic weightlifting
Split_Squat_with_Dumbbells,push,beginner,compound,dumbbell,strength
Split_Squats,push,intermediate,,,stretching
Squat_Jerk,push,expert,compound,barbell,strength
Squat_with_Bands,push,intermediate,compound,barbell,powerlifting
Squat_with_Chains,push,intermediate,compound,barbell,powerlifting
Squat_with_Plate_Movers,push,intermediate,compound,barbell,strength
Squats_-_With_Bands,push,beginner,compound,bands,strength
Stairmaster,,intermediate,,machine,cardio
Standing_Alternating_Dumbbell_Press,push,beginner,compound,dumbbell,strength
Standing_Barbell_Calf_Raise,push,beginner,isolation,barbell,strength
Standing_Barbell_Press_Behind_Neck,push,intermediate,compound,barbell,strength
Standing_Bent-Over_One-Arm_Dumbbell_Triceps_Extension,push,beginner,isolation,dumbbell,strength
Standing_Bent-Over_Two-Arm_Dumbbell_Triceps_Extension,push,beginner,isolation,dumbbell,strength
Standing_Biceps_Cable_Curl,pull,beginner,isolation,cable,strength
Standing_Biceps_Stretch,static,beginner,isolation,other,stretching
Standing_Bradford_Press,push,beginner,compound,barbell,strength
Standing_Cable_Chest_Press,push,beginner,compound,cable,strength
Standing_Cable_Lift,pull,beginner,compound,cable,strength
Standing_Cable_Wood_Chop,pull,beginner,compound,cable,strength
Standing_Calf_Raises,push,beginner,isolation,machine,strength
Standing_Concentration_Curl,pull,beginner,isolation,dumbbell,strength
Standing_Dumbbell_Calf_Raise,push,intermediate,isolation,dumbbell,strength
Standing_Dumbbell_Press,push,beginner,compound,dumbbell,strength
Standing_Dumbbell_Reverse_Curl,pull,intermediate,isolation,dumbbell,strength
Standing_Dumbbell_Straight-Arm_Front_Delt_Raise_Above_Head,push,intermediate,isolation,dumbbell,strength
Standing_Dumbbell_Triceps_Extension,push,beginner,isolation,dumbbell,strength
Standing_Dumbbell_Upright_Row,pull,beginner,compound,dumbbell,strength
Standing_Elevated_Quad_Stretch,static,beginner,,other,stretching
Standing_Front_Barbell_Raise_Over_Head,push,intermediate,isolation,barbell,strength
Standing_Gastrocnemius_Calf_Stretch,static,beginner,,,stretching
Standing_Hamstring_and_Calf_Stretch,static,beginner,,other,stretching
Standing_Hip_Circles,pull,beginner,isolation,body only,stretching
Standing_Hip_Flexors,static,beginner,isolation,,stretching
Standing_Inner-Biceps_Curl,pull,intermediate,isolation,dumbbell,strength
Standing_Lateral_Stretch,static,beginner,,,stretching
Standing_Leg_Curl,pull,beginner,isolation,machine,strength
Standing_Long_Jump,push,beginner,compound,body only,plyometrics
Standing_Low-Pulley_Deltoid_Raise,push,beginner,isolation,cable,strength
Standing_Low-Pulley_One-Arm_Triceps_Extension,push,intermediate,isolation,cable,strength
Standing_Military_Press,push,beginner,compound,barbell,strength
Standing_Olympic_Plate_Hand_Squeeze,static,beginner,isolation,other,strength
Standing_One-Arm_Cable_Curl,pull,intermediate,isolation,cable,strength
Standing_One-Arm_Dumbbell_Curl_Over_Incline_Bench,pull,beginner,isolation,dumbbell,strength
Standing_One-Arm_Dumbbell_Triceps_Extension,push,beginner,isolation,dumbbell,strength
Standing_Overhead_Barbell_Triceps_Extension,push,beginner,isolation,barbell,strength
Standing_Palm-In_One-Arm_Dumbbell_Press,push,beginner,compound,dumbbell,strength
Standing_Palms-In_Dumbbell_Press,push,intermediate,compound,dumbbell,strength
Standing_Palms-Up_Barbell_Behind_The_Back_Wrist_Curl,pull,beginner,isolation,barbell,strength
Standing_Pelvic_Tilt,static,beginner,isolation,,stretching
Standing_Rope_Crunch,pull,beginner,isolation,cable,strength
Standing_Soleus_And_Achilles_Stretch,static,beginner,isolation,,stretching
Standing_Toe_Touches,static,beginner,,,stretching
Standing_Towel_Triceps_Extension,push,beginner,isolation,body only,strength
Standing_Two-Arm_Overhead_Throw,pull,beginner,compound,medicine ball,plyometrics
Star_Jump,push,beginner,compound,body only,plyometrics
Step-up_with_Knee_Raise,push,beginner,compound,body only,strength
Step_Mill,,intermediate,,machine,cardio
Stiff-Legged_Barbell_Deadlift,pull,intermediate,compound,barbell,strength
Stiff-Legged_Dumbbell_Deadlift,pull,beginner,compound,dumbbell,strength
Stiff_Leg_Barbell_Good_Morning,push,beginner,compound,barbell,strength
Stomach_Vacuum,static,beginner,isolation,body only,stretching
Straight-Arm_Dumbbell_Pullover,pull,intermediate,compound,dumbbell,strength
Straight-Arm_Pulldown,pull,beginner,isolation,cable,strength
Straight_Bar_Bench_Mid_Rows,pull,beginner,compound,barbell,strength
Straight_Raises_on_Incline_Bench,push,beginner,isolation,barbell,strength
Stride_Jump_Crossover,push,beginner,compound,other,plyometrics
Sumo_Deadlift,pull,intermediate,compound,barbell,powerlifting
Sumo_Deadlift_with_Bands,pull,intermediate,compound,barbell,powerlifting
Sumo_Deadlift_with_Chains,pull,intermediate,compound,barbell,powerlifting
Superman,static,beginner,compound,body only,stretching
Supine_Chest_Throw,push,beginner,compound,medicine ball,plyometrics
Supine_One-Arm_Overhead_Throw,pull,beginner,compound,medicine ball,plyometrics
Supine_Two-Arm_Overhead_Throw,pull,beginner,compound,medicine ball,plyometrics
Suspended_Fallout,pull,intermediate,isolation,other,strength
Suspended_Push-Up,push,beginner,compound,other,strength
Suspended_Reverse_Crunch,pull,beginner,isolation,other,strength
Suspended_Row,pull,beginner,compound,other,strength
Suspended_Split_Squat,push,intermediate,compound,other,strength
Svend_Press,push,beginner,compound,other,strength
T-Bar_Row_with_Handle,pull,beginner,compound,barbell,strength
Tate_Press,push,intermediate,isolation,dumbbell,strength
The_Straddle,static,beginner,,,stretching
Thigh_Abductor,push,beginner,isolation,machine,strength
Thigh_Adductor,pull,beginner,isolation,machine,strength
Tire_Flip,pull,intermediate,compound,other,strongman
Toe_Touchers,pull,beginner,isolation,body only,stretching
Torso_Rotation,pull,beginner,,exercise ball,stretching
Trail_Running_Walking,,beginner,,,cardio
Trap_Bar_Deadlift,pull,beginner,compound,other,strength
Tricep_Dumbbell_Kickback,push,beginner,isolation,dumbbell,strength
Tricep_Side_Stretch,static,beginner,,,stretching
Triceps_Overhead_Extension_with_Rope,push,beginner,isolation,cable,strength
Triceps_Pushdown,push,beginner,isolation,cable,strength
Triceps_Pushdown_-_Rope_Attachment,push,beginner,isolation,cable,strength
Triceps_Pushdown_-_V-Bar_Attachment,push,beginner,isolation,cable,strength
Triceps_Stretch,static,beginner,isolation,,stretching
Tuck_Crunch,pull,beginner,isolation,body only,strength
Two-Arm_Dumbbell_Preacher_Curl,pull,beginner,isolation,dumbbell,strength
Two-Arm_Kettlebell_Clean,pull,intermediate,compound,kettlebells,strength
Two-Arm_Kettlebell_Jerk,push,intermediate,compound,kettlebells,strength
Two-Arm_Kettlebell_Military_Press,push,intermediate,compound,kettlebells,strength
Two-Arm_Kettlebell_Row,pull,intermediate,compound,kettlebells,strength
Underhand_Cable_Pulldowns,pull,beginner,compound,cable,strength
Upper_Back-Leg_Grab,static,beginner,,,stretching
Upper_Back_Stretch,static,beginner,,,stretching
Upright_Barbell_Row,pull,beginner,compound,barbell,strength
Upright_Cable_Row,pull,intermediate,compound,cable,strength
Upright_Row_-_With_Bands,pull,beginner,compound,bands,strength
Upward_Stretch,static,beginner,,,stretching
V-Bar_Pulldown,pull,intermediate,compound,cable,strength
V-Bar_Pullup,pull,beginner,compound,body only,strength
Vertical_Swing,pull,beginner,compound,dumbbell,plyometrics
Walking_Treadmill,,beginner,,machine,cardio
Weighted_Ball_Hyperextension,pull,intermediate,compound,exercise ball,strength
Weighted_Ball_Side_Bend,pull,intermediate,isolation,exercise ball,strength
Weighted_Bench_Dip,push,intermediate,compound,other,strength
Weighted_Crunches,pull,beginner,isolation,medicine ball,strength
Weighted_Jump_Squat,push,intermediate,compound,barbell,strength
Weighted_Pull_Ups,pull,intermediate,compound,other,strength
Weighted_Sissy_Squat,push,expert,compound,barbell,strength
Weighted_Sit-Ups_-_With_Bands,pull,intermediate,isolation,other,strength
Weighted_Squat,push,intermediate,compound,other,strength
Wide-Grip_Barbell_Bench_Press,push,intermediate,compound,barbell,strength
Wide-Grip_Decline_Barbell_Bench_Press,push,intermediate,compound,barbell,strength
Wide-Grip_Decline_Barbell_Pullover,pull,intermediate,compound,barbell,strength
Wide-Grip_Lat_Pulldown,pull,beginner,compound,cable,strength
Wide-Grip_Pulldown_Behind_The_Neck,pull,intermediate,compound,cable,strength
Wide-Grip_Rear_Pull-Up,pull,intermediate,compound,body only,strength
Wide-Grip_Standing_Barbell_Curl,pull,beginner,isolation,barbell,strength
Wide_Stance_Barbell_Squat,push,intermediate,compound,barbell,strength
Wide_Stance_Stiff_Legs,pull,intermediate,compound,barbell,olympic weightlifting
Wind_Sprints,pull,beginner,compound,body only,strength
Windmills,pull,intermediate,,,stretching
Worlds_Greatest_Stretch,static,intermediate,,,stretching
Wrist_Circles,pull,beginner,isolation,body only,stretching
Wrist_Roller,pull,beginner,isolation,other,strength
Wrist_Rotations_with_Straight_Bar,pull,beginner,isolation,barbell,strength
Yoke_Walk,,intermediate,compound,other,strongman
Zercher_Squats,push,expert,compound,barbell,strength
Zottman_Curl,pull,intermediate,isolation,dumbbell,strength
Zottman_Preacher_Curl,pull,intermediate,isolation,dumbbell,strength
